DateKey,Date,Year,Quarter,YearQuarter,MonthNumber,MonthName,MonthShort,DayOfMonth,DayOfWeekNumber,DayName,IsWeekend,Season,IsBankHoliday,IsBankHolidayMonday,IsSchoolHoliday,IsOpen
20240101,2024-01-01,2024,1,2024-Q1,1,January,Jan,1,1,Monday,No,Winter,Yes,Yes,No,No
20240102,2024-01-02,2024,1,2024-Q1,1,January,Jan,2,2,Tuesday,No,Winter,No,No,No,No
20240103,2024-01-03,2024,1,2024-Q1,1,January,Jan,3,3,Wednesday,No,Winter,No,No,No,No
20240104,2024-01-04,2024,1,2024-Q1,1,January,Jan,4,4,Thursday,No,Winter,No,No,No,No
20240105,2024-01-05,2024,1,2024-Q1,1,January,Jan,5,5,Friday,No,Winter,No,No,No,No
20240106,2024-01-06,2024,1,2024-Q1,1,January,Jan,6,6,Saturday,Yes,Winter,No,No,No,No
20240107,2024-01-07,2024,1,2024-Q1,1,January,Jan,7,7,Sunday,Yes,Winter,No,No,No,No
20240108,2024-01-08,2024,1,2024-Q1,1,January,Jan,8,1,Monday,No,Winter,No,No,No,No
20240109,2024-01-09,2024,1,2024-Q1,1,January,Jan,9,2,Tuesday,No,Winter,No,No,No,No
20240110,2024-01-10,2024,1,2024-Q1,1,January,Jan,10,3,Wednesday,No,Winter,No,No,No,No
20240111,2024-01-11,2024,1,2024-Q1,1,January,Jan,11,4,Thursday,No,Winter,No,No,No,No
20240112,2024-01-12,2024,1,2024-Q1,1,January,Jan,12,5,Friday,No,Winter,No,No,No,No
20240113,2024-01-13,2024,1,2024-Q1,1,January,Jan,13,6,Saturday,Yes,Winter,No,No,No,No
20240114,2024-01-14,2024,1,2024-Q1,1,January,Jan,14,7,Sunday,Yes,Winter,No,No,No,No
20240115,2024-01-15,2024,1,2024-Q1,1,January,Jan,15,1,Monday,No,Winter,No,No,No,No
20240116,2024-01-16,2024,1,2024-Q1,1,January,Jan,16,2,Tuesday,No,Winter,No,No,No,No
20240117,2024-01-17,2024,1,2024-Q1,1,January,Jan,17,3,Wednesday,No,Winter,No,No,No,No
20240118,2024-01-18,2024,1,2024-Q1,1,January,Jan,18,4,Thursday,No,Winter,No,No,No,No
20240119,2024-01-19,2024,1,2024-Q1,1,January,Jan,19,5,Friday,No,Winter,No,No,No,No
20240120,2024-01-20,2024,1,2024-Q1,1,January,Jan,20,6,Saturday,Yes,Winter,No,No,No,No
20240121,2024-01-21,2024,1,2024-Q1,1,January,Jan,21,7,Sunday,Yes,Winter,No,No,No,No
20240122,2024-01-22,2024,1,2024-Q1,1,January,Jan,22,1,Monday,No,Winter,No,No,No,No
20240123,2024-01-23,2024,1,2024-Q1,1,January,Jan,23,2,Tuesday,No,Winter,No,No,No,No
20240124,2024-01-24,2024,1,2024-Q1,1,January,Jan,24,3,Wednesday,No,Winter,No,No,No,No
20240125,2024-01-25,2024,1,2024-Q1,1,January,Jan,25,4,Thursday,No,Winter,No,No,No,No
20240126,2024-01-26,2024,1,2024-Q1,1,January,Jan,26,5,Friday,No,Winter,No,No,No,No
20240127,2024-01-27,2024,1,2024-Q1,1,January,Jan,27,6,Saturday,Yes,Winter,No,No,No,No
20240128,2024-01-28,2024,1,2024-Q1,1,January,Jan,28,7,Sunday,Yes,Winter,No,No,No,No
20240129,2024-01-29,2024,1,2024-Q1,1,January,Jan,29,1,Monday,No,Winter,No,No,No,No
20240130,2024-01-30,2024,1,2024-Q1,1,January,Jan,30,2,Tuesday,No,Winter,No,No,No,No
20240131,2024-01-31,2024,1,2024-Q1,1,January,Jan,31,3,Wednesday,No,Winter,No,No,No,No
20240201,2024-02-01,2024,1,2024-Q1,2,February,Feb,1,4,Thursday,No,Winter,No,No,No,No
20240202,2024-02-02,2024,1,2024-Q1,2,February,Feb,2,5,Friday,No,Winter,No,No,No,No
20240203,2024-02-03,2024,1,2024-Q1,2,February,Feb,3,6,Saturday,Yes,Winter,No,No,No,No
20240204,2024-02-04,2024,1,2024-Q1,2,February,Feb,4,7,Sunday,Yes,Winter,No,No,No,No
20240205,2024-02-05,2024,1,2024-Q1,2,February,Feb,5,1,Monday,No,Winter,No,No,No,No
20240206,2024-02-06,2024,1,2024-Q1,2,February,Feb,6,2,Tuesday,No,Winter,No,No,No,No
20240207,2024-02-07,2024,1,2024-Q1,2,February,Feb,7,3,Wednesday,No,Winter,No,No,No,No
20240208,2024-02-08,2024,1,2024-Q1,2,February,Feb,8,4,Thursday,No,Winter,No,No,No,No
20240209,2024-02-09,2024,1,2024-Q1,2,February,Feb,9,5,Friday,No,Winter,No,No,No,No
20240210,2024-02-10,2024,1,2024-Q1,2,February,Feb,10,6,Saturday,Yes,Winter,No,No,No,No
20240211,2024-02-11,2024,1,2024-Q1,2,February,Feb,11,7,Sunday,Yes,Winter,No,No,No,No
20240212,2024-02-12,2024,1,2024-Q1,2,February,Feb,12,1,Monday,No,Winter,No,No,Yes,No
20240213,2024-02-13,2024,1,2024-Q1,2,February,Feb,13,2,Tuesday,No,Winter,No,No,Yes,No
20240214,2024-02-14,2024,1,2024-Q1,2,February,Feb,14,3,Wednesday,No,Winter,No,No,Yes,No
20240215,2024-02-15,2024,1,2024-Q1,2,February,Feb,15,4,Thursday,No,Winter,No,No,Yes,No
20240216,2024-02-16,2024,1,2024-Q1,2,February,Feb,16,5,Friday,No,Winter,No,No,Yes,No
20240217,2024-02-17,2024,1,2024-Q1,2,February,Feb,17,6,Saturday,Yes,Winter,No,No,Yes,No
20240218,2024-02-18,2024,1,2024-Q1,2,February,Feb,18,7,Sunday,Yes,Winter,No,No,Yes,No
20240219,2024-02-19,2024,1,2024-Q1,2,February,Feb,19,1,Monday,No,Winter,No,No,Yes,No
20240220,2024-02-20,2024,1,2024-Q1,2,February,Feb,20,2,Tuesday,No,Winter,No,No,Yes,No
20240221,2024-02-21,2024,1,2024-Q1,2,February,Feb,21,3,Wednesday,No,Winter,No,No,Yes,No
20240222,2024-02-22,2024,1,2024-Q1,2,February,Feb,22,4,Thursday,No,Winter,No,No,Yes,No
20240223,2024-02-23,2024,1,2024-Q1,2,February,Feb,23,5,Friday,No,Winter,No,No,Yes,No
20240224,2024-02-24,2024,1,2024-Q1,2,February,Feb,24,6,Saturday,Yes,Winter,No,No,No,No
20240225,2024-02-25,2024,1,2024-Q1,2,February,Feb,25,7,Sunday,Yes,Winter,No,No,No,No
20240226,2024-02-26,2024,1,2024-Q1,2,February,Feb,26,1,Monday,No,Winter,No,No,No,No
20240227,2024-02-27,2024,1,2024-Q1,2,February,Feb,27,2,Tuesday,No,Winter,No,No,No,No
20240228,2024-02-28,2024,1,2024-Q1,2,February,Feb,28,3,Wednesday,No,Winter,No,No,No,No
20240229,2024-02-29,2024,1,2024-Q1,2,February,Feb,29,4,Thursday,No,Winter,No,No,No,No
20240301,2024-03-01,2024,1,2024-Q1,3,March,Mar,1,5,Friday,No,Spring,No,No,No,No
20240302,2024-03-02,2024,1,2024-Q1,3,March,Mar,2,6,Saturday,Yes,Spring,No,No,No,No
20240303,2024-03-03,2024,1,2024-Q1,3,March,Mar,3,7,Sunday,Yes,Spring,No,No,No,No
20240304,2024-03-04,2024,1,2024-Q1,3,March,Mar,4,1,Monday,No,Spring,No,No,No,No
20240305,2024-03-05,2024,1,2024-Q1,3,March,Mar,5,2,Tuesday,No,Spring,No,No,No,No
20240306,2024-03-06,2024,1,2024-Q1,3,March,Mar,6,3,Wednesday,No,Spring,No,No,No,No
20240307,2024-03-07,2024,1,2024-Q1,3,March,Mar,7,4,Thursday,No,Spring,No,No,No,No
20240308,2024-03-08,2024,1,2024-Q1,3,March,Mar,8,5,Friday,No,Spring,No,No,No,No
20240309,2024-03-09,2024,1,2024-Q1,3,March,Mar,9,6,Saturday,Yes,Spring,No,No,No,No
20240310,2024-03-10,2024,1,2024-Q1,3,March,Mar,10,7,Sunday,Yes,Spring,No,No,No,No
20240311,2024-03-11,2024,1,2024-Q1,3,March,Mar,11,1,Monday,No,Spring,No,No,No,No
20240312,2024-03-12,2024,1,2024-Q1,3,March,Mar,12,2,Tuesday,No,Spring,No,No,No,No
20240313,2024-03-13,2024,1,2024-Q1,3,March,Mar,13,3,Wednesday,No,Spring,No,No,No,No
20240314,2024-03-14,2024,1,2024-Q1,3,March,Mar,14,4,Thursday,No,Spring,No,No,No,No
20240315,2024-03-15,2024,1,2024-Q1,3,March,Mar,15,5,Friday,No,Spring,No,No,No,No
20240316,2024-03-16,2024,1,2024-Q1,3,March,Mar,16,6,Saturday,Yes,Spring,No,No,No,No
20240317,2024-03-17,2024,1,2024-Q1,3,March,Mar,17,7,Sunday,Yes,Spring,No,No,No,No
20240318,2024-03-18,2024,1,2024-Q1,3,March,Mar,18,1,Monday,No,Spring,No,No,No,No
20240319,2024-03-19,2024,1,2024-Q1,3,March,Mar,19,2,Tuesday,No,Spring,No,No,No,No
20240320,2024-03-20,2024,1,2024-Q1,3,March,Mar,20,3,Wednesday,No,Spring,No,No,No,No
20240321,2024-03-21,2024,1,2024-Q1,3,March,Mar,21,4,Thursday,No,Spring,No,No,No,No
20240322,2024-03-22,2024,1,2024-Q1,3,March,Mar,22,5,Friday,No,Spring,No,No,No,No
20240323,2024-03-23,2024,1,2024-Q1,3,March,Mar,23,6,Saturday,Yes,Spring,No,No,No,No
20240324,2024-03-24,2024,1,2024-Q1,3,March,Mar,24,7,Sunday,Yes,Spring,No,No,No,No
20240325,2024-03-25,2024,1,2024-Q1,3,March,Mar,25,1,Monday,No,Spring,No,No,No,No
20240326,2024-03-26,2024,1,2024-Q1,3,March,Mar,26,2,Tuesday,No,Spring,No,No,No,No
20240327,2024-03-27,2024,1,2024-Q1,3,March,Mar,27,3,Wednesday,No,Spring,No,No,No,No
20240328,2024-03-28,2024,1,2024-Q1,3,March,Mar,28,4,Thursday,No,Spring,No,No,Yes,No
20240329,2024-03-29,2024,1,2024-Q1,3,March,Mar,29,5,Friday,No,Spring,Yes,No,Yes,No
20240330,2024-03-30,2024,1,2024-Q1,3,March,Mar,30,6,Saturday,Yes,Spring,No,No,Yes,No
20240331,2024-03-31,2024,1,2024-Q1,3,March,Mar,31,7,Sunday,Yes,Spring,No,No,Yes,No
20240401,2024-04-01,2024,2,2024-Q2,4,April,Apr,1,1,Monday,No,Spring,Yes,Yes,Yes,Yes
20240402,2024-04-02,2024,2,2024-Q2,4,April,Apr,2,2,Tuesday,No,Spring,No,No,Yes,No
20240403,2024-04-03,2024,2,2024-Q2,4,April,Apr,3,3,Wednesday,No,Spring,No,No,Yes,Yes
20240404,2024-04-04,2024,2,2024-Q2,4,April,Apr,4,4,Thursday,No,Spring,No,No,Yes,Yes
20240405,2024-04-05,2024,2,2024-Q2,4,April,Apr,5,5,Friday,No,Spring,No,No,Yes,Yes
20240406,2024-04-06,2024,2,2024-Q2,4,April,Apr,6,6,Saturday,Yes,Spring,No,No,Yes,Yes
20240407,2024-04-07,2024,2,2024-Q2,4,April,Apr,7,7,Sunday,Yes,Spring,No,No,Yes,Yes
20240408,2024-04-08,2024,2,2024-Q2,4,April,Apr,8,1,Monday,No,Spring,No,No,Yes,No
20240409,2024-04-09,2024,2,2024-Q2,4,April,Apr,9,2,Tuesday,No,Spring,No,No,Yes,No
20240410,2024-04-10,2024,2,2024-Q2,4,April,Apr,10,3,Wednesday,No,Spring,No,No,Yes,Yes
20240411,2024-04-11,2024,2,2024-Q2,4,April,Apr,11,4,Thursday,No,Spring,No,No,Yes,Yes
20240412,2024-04-12,2024,2,2024-Q2,4,April,Apr,12,5,Friday,No,Spring,No,No,Yes,Yes
20240413,2024-04-13,2024,2,2024-Q2,4,April,Apr,13,6,Saturday,Yes,Spring,No,No,Yes,Yes
20240414,2024-04-14,2024,2,2024-Q2,4,April,Apr,14,7,Sunday,Yes,Spring,No,No,Yes,Yes
20240415,2024-04-15,2024,2,2024-Q2,4,April,Apr,15,1,Monday,No,Spring,No,No,No,No
20240416,2024-04-16,2024,2,2024-Q2,4,April,Apr,16,2,Tuesday,No,Spring,No,No,No,No
20240417,2024-04-17,2024,2,2024-Q2,4,April,Apr,17,3,Wednesday,No,Spring,No,No,No,Yes
20240418,2024-04-18,2024,2,2024-Q2,4,April,Apr,18,4,Thursday,No,Spring,No,No,No,Yes
20240419,2024-04-19,2024,2,2024-Q2,4,April,Apr,19,5,Friday,No,Spring,No,No,No,Yes
20240420,2024-04-20,2024,2,2024-Q2,4,April,Apr,20,6,Saturday,Yes,Spring,No,No,No,Yes
20240421,2024-04-21,2024,2,2024-Q2,4,April,Apr,21,7,Sunday,Yes,Spring,No,No,No,Yes
20240422,2024-04-22,2024,2,2024-Q2,4,April,Apr,22,1,Monday,No,Spring,No,No,No,No
20240423,2024-04-23,2024,2,2024-Q2,4,April,Apr,23,2,Tuesday,No,Spring,No,No,No,No
20240424,2024-04-24,2024,2,2024-Q2,4,April,Apr,24,3,Wednesday,No,Spring,No,No,No,Yes
20240425,2024-04-25,2024,2,2024-Q2,4,April,Apr,25,4,Thursday,No,Spring,No,No,No,Yes
20240426,2024-04-26,2024,2,2024-Q2,4,April,Apr,26,5,Friday,No,Spring,No,No,No,Yes
20240427,2024-04-27,2024,2,2024-Q2,4,April,Apr,27,6,Saturday,Yes,Spring,No,No,No,Yes
20240428,2024-04-28,2024,2,2024-Q2,4,April,Apr,28,7,Sunday,Yes,Spring,No,No,No,Yes
20240429,2024-04-29,2024,2,2024-Q2,4,April,Apr,29,1,Monday,No,Spring,No,No,No,No
20240430,2024-04-30,2024,2,2024-Q2,4,April,Apr,30,2,Tuesday,No,Spring,No,No,No,No
20240501,2024-05-01,2024,2,2024-Q2,5,May,May,1,3,Wednesday,No,Spring,No,No,No,Yes
20240502,2024-05-02,2024,2,2024-Q2,5,May,May,2,4,Thursday,No,Spring,No,No,No,Yes
20240503,2024-05-03,2024,2,2024-Q2,5,May,May,3,5,Friday,No,Spring,No,No,No,Yes
20240504,2024-05-04,2024,2,2024-Q2,5,May,May,4,6,Saturday,Yes,Spring,No,No,No,Yes
20240505,2024-05-05,2024,2,2024-Q2,5,May,May,5,7,Sunday,Yes,Spring,No,No,No,Yes
20240506,2024-05-06,2024,2,2024-Q2,5,May,May,6,1,Monday,No,Spring,Yes,Yes,No,Yes
20240507,2024-05-07,2024,2,2024-Q2,5,May,May,7,2,Tuesday,No,Spring,No,No,No,No
20240508,2024-05-08,2024,2,2024-Q2,5,May,May,8,3,Wednesday,No,Spring,No,No,No,Yes
20240509,2024-05-09,2024,2,2024-Q2,5,May,May,9,4,Thursday,No,Spring,No,No,No,Yes
20240510,2024-05-10,2024,2,2024-Q2,5,May,May,10,5,Friday,No,Spring,No,No,No,Yes
20240511,2024-05-11,2024,2,2024-Q2,5,May,May,11,6,Saturday,Yes,Spring,No,No,No,Yes
20240512,2024-05-12,2024,2,2024-Q2,5,May,May,12,7,Sunday,Yes,Spring,No,No,No,Yes
20240513,2024-05-13,2024,2,2024-Q2,5,May,May,13,1,Monday,No,Spring,No,No,No,No
20240514,2024-05-14,2024,2,2024-Q2,5,May,May,14,2,Tuesday,No,Spring,No,No,No,No
20240515,2024-05-15,2024,2,2024-Q2,5,May,May,15,3,Wednesday,No,Spring,No,No,No,Yes
20240516,2024-05-16,2024,2,2024-Q2,5,May,May,16,4,Thursday,No,Spring,No,No,No,Yes
20240517,2024-05-17,2024,2,2024-Q2,5,May,May,17,5,Friday,No,Spring,No,No,No,Yes
20240518,2024-05-18,2024,2,2024-Q2,5,May,May,18,6,Saturday,Yes,Spring,No,No,No,Yes
20240519,2024-05-19,2024,2,2024-Q2,5,May,May,19,7,Sunday,Yes,Spring,No,No,No,Yes
20240520,2024-05-20,2024,2,2024-Q2,5,May,May,20,1,Monday,No,Spring,No,No,No,No
20240521,2024-05-21,2024,2,2024-Q2,5,May,May,21,2,Tuesday,No,Spring,No,No,No,No
20240522,2024-05-22,2024,2,2024-Q2,5,May,May,22,3,Wednesday,No,Spring,No,No,No,Yes
20240523,2024-05-23,2024,2,2024-Q2,5,May,May,23,4,Thursday,No,Spring,No,No,No,Yes
20240524,2024-05-24,2024,2,2024-Q2,5,May,May,24,5,Friday,No,Spring,No,No,Yes,Yes
20240525,2024-05-25,2024,2,2024-Q2,5,May,May,25,6,Saturday,Yes,Spring,No,No,Yes,Yes
20240526,2024-05-26,2024,2,2024-Q2,5,May,May,26,7,Sunday,Yes,Spring,No,No,Yes,Yes
20240527,2024-05-27,2024,2,2024-Q2,5,May,May,27,1,Monday,No,Spring,Yes,Yes,Yes,Yes
20240528,2024-05-28,2024,2,2024-Q2,5,May,May,28,2,Tuesday,No,Spring,No,No,Yes,No
20240529,2024-05-29,2024,2,2024-Q2,5,May,May,29,3,Wednesday,No,Spring,No,No,Yes,Yes
20240530,2024-05-30,2024,2,2024-Q2,5,May,May,30,4,Thursday,No,Spring,No,No,Yes,Yes
20240531,2024-05-31,2024,2,2024-Q2,5,May,May,31,5,Friday,No,Spring,No,No,Yes,Yes
20240601,2024-06-01,2024,2,2024-Q2,6,June,Jun,1,6,Saturday,Yes,Summer,No,No,Yes,Yes
20240602,2024-06-02,2024,2,2024-Q2,6,June,Jun,2,7,Sunday,Yes,Summer,No,No,Yes,Yes
20240603,2024-06-03,2024,2,2024-Q2,6,June,Jun,3,1,Monday,No,Summer,No,No,No,No
20240604,2024-06-04,2024,2,2024-Q2,6,June,Jun,4,2,Tuesday,No,Summer,No,No,No,No
20240605,2024-06-05,2024,2,2024-Q2,6,June,Jun,5,3,Wednesday,No,Summer,No,No,No,Yes
20240606,2024-06-06,2024,2,2024-Q2,6,June,Jun,6,4,Thursday,No,Summer,No,No,No,Yes
20240607,2024-06-07,2024,2,2024-Q2,6,June,Jun,7,5,Friday,No,Summer,No,No,No,Yes
20240608,2024-06-08,2024,2,2024-Q2,6,June,Jun,8,6,Saturday,Yes,Summer,No,No,No,Yes
20240609,2024-06-09,2024,2,2024-Q2,6,June,Jun,9,7,Sunday,Yes,Summer,No,No,No,Yes
20240610,2024-06-10,2024,2,2024-Q2,6,June,Jun,10,1,Monday,No,Summer,No,No,No,No
20240611,2024-06-11,2024,2,2024-Q2,6,June,Jun,11,2,Tuesday,No,Summer,No,No,No,No
20240612,2024-06-12,2024,2,2024-Q2,6,June,Jun,12,3,Wednesday,No,Summer,No,No,No,Yes
20240613,2024-06-13,2024,2,2024-Q2,6,June,Jun,13,4,Thursday,No,Summer,No,No,No,Yes
20240614,2024-06-14,2024,2,2024-Q2,6,June,Jun,14,5,Friday,No,Summer,No,No,No,Yes
20240615,2024-06-15,2024,2,2024-Q2,6,June,Jun,15,6,Saturday,Yes,Summer,No,No,No,Yes
20240616,2024-06-16,2024,2,2024-Q2,6,June,Jun,16,7,Sunday,Yes,Summer,No,No,No,Yes
20240617,2024-06-17,2024,2,2024-Q2,6,June,Jun,17,1,Monday,No,Summer,No,No,No,No
20240618,2024-06-18,2024,2,2024-Q2,6,June,Jun,18,2,Tuesday,No,Summer,No,No,No,No
20240619,2024-06-19,2024,2,2024-Q2,6,June,Jun,19,3,Wednesday,No,Summer,No,No,No,Yes
20240620,2024-06-20,2024,2,2024-Q2,6,June,Jun,20,4,Thursday,No,Summer,No,No,No,Yes
20240621,2024-06-21,2024,2,2024-Q2,6,June,Jun,21,5,Friday,No,Summer,No,No,No,Yes
20240622,2024-06-22,2024,2,2024-Q2,6,June,Jun,22,6,Saturday,Yes,Summer,No,No,No,Yes
20240623,2024-06-23,2024,2,2024-Q2,6,June,Jun,23,7,Sunday,Yes,Summer,No,No,No,Yes
20240624,2024-06-24,2024,2,2024-Q2,6,June,Jun,24,1,Monday,No,Summer,No,No,No,No
20240625,2024-06-25,2024,2,2024-Q2,6,June,Jun,25,2,Tuesday,No,Summer,No,No,No,No
20240626,2024-06-26,2024,2,2024-Q2,6,June,Jun,26,3,Wednesday,No,Summer,No,No,No,Yes
20240627,2024-06-27,2024,2,2024-Q2,6,June,Jun,27,4,Thursday,No,Summer,No,No,No,Yes
20240628,2024-06-28,2024,2,2024-Q2,6,June,Jun,28,5,Friday,No,Summer,No,No,No,Yes
20240629,2024-06-29,2024,2,2024-Q2,6,June,Jun,29,6,Saturday,Yes,Summer,No,No,No,Yes
20240630,2024-06-30,2024,2,2024-Q2,6,June,Jun,30,7,Sunday,Yes,Summer,No,No,No,Yes
20240701,2024-07-01,2024,3,2024-Q3,7,July,Jul,1,1,Monday,No,Summer,No,No,No,No
20240702,2024-07-02,2024,3,2024-Q3,7,July,Jul,2,2,Tuesday,No,Summer,No,No,No,No
20240703,2024-07-03,2024,3,2024-Q3,7,July,Jul,3,3,Wednesday,No,Summer,No,No,No,Yes
20240704,2024-07-04,2024,3,2024-Q3,7,July,Jul,4,4,Thursday,No,Summer,No,No,No,Yes
20240705,2024-07-05,2024,3,2024-Q3,7,July,Jul,5,5,Friday,No,Summer,No,No,No,Yes
20240706,2024-07-06,2024,3,2024-Q3,7,July,Jul,6,6,Saturday,Yes,Summer,No,No,No,Yes
20240707,2024-07-07,2024,3,2024-Q3,7,July,Jul,7,7,Sunday,Yes,Summer,No,No,No,Yes
20240708,2024-07-08,2024,3,2024-Q3,7,July,Jul,8,1,Monday,No,Summer,No,No,No,No
20240709,2024-07-09,2024,3,2024-Q3,7,July,Jul,9,2,Tuesday,No,Summer,No,No,No,No
20240710,2024-07-10,2024,3,2024-Q3,7,July,Jul,10,3,Wednesday,No,Summer,No,No,No,Yes
20240711,2024-07-11,2024,3,2024-Q3,7,July,Jul,11,4,Thursday,No,Summer,No,No,No,Yes
20240712,2024-07-12,2024,3,2024-Q3,7,July,Jul,12,5,Friday,No,Summer,No,No,No,Yes
20240713,2024-07-13,2024,3,2024-Q3,7,July,Jul,13,6,Saturday,Yes,Summer,No,No,No,Yes
20240714,2024-07-14,2024,3,2024-Q3,7,July,Jul,14,7,Sunday,Yes,Summer,No,No,No,Yes
20240715,2024-07-15,2024,3,2024-Q3,7,July,Jul,15,1,Monday,No,Summer,No,No,No,No
20240716,2024-07-16,2024,3,2024-Q3,7,July,Jul,16,2,Tuesday,No,Summer,No,No,No,No
20240717,2024-07-17,2024,3,2024-Q3,7,July,Jul,17,3,Wednesday,No,Summer,No,No,No,Yes
20240718,2024-07-18,2024,3,2024-Q3,7,July,Jul,18,4,Thursday,No,Summer,No,No,No,Yes
20240719,2024-07-19,2024,3,2024-Q3,7,July,Jul,19,5,Friday,No,Summer,No,No,No,Yes
20240720,2024-07-20,2024,3,2024-Q3,7,July,Jul,20,6,Saturday,Yes,Summer,No,No,No,Yes
20240721,2024-07-21,2024,3,2024-Q3,7,July,Jul,21,7,Sunday,Yes,Summer,No,No,No,Yes
20240722,2024-07-22,2024,3,2024-Q3,7,July,Jul,22,1,Monday,No,Summer,No,No,Yes,No
20240723,2024-07-23,2024,3,2024-Q3,7,July,Jul,23,2,Tuesday,No,Summer,No,No,Yes,No
20240724,2024-07-24,2024,3,2024-Q3,7,July,Jul,24,3,Wednesday,No,Summer,No,No,Yes,Yes
20240725,2024-07-25,2024,3,2024-Q3,7,July,Jul,25,4,Thursday,No,Summer,No,No,Yes,Yes
20240726,2024-07-26,2024,3,2024-Q3,7,July,Jul,26,5,Friday,No,Summer,No,No,Yes,Yes
20240727,2024-07-27,2024,3,2024-Q3,7,July,Jul,27,6,Saturday,Yes,Summer,No,No,Yes,Yes
20240728,2024-07-28,2024,3,2024-Q3,7,July,Jul,28,7,Sunday,Yes,Summer,No,No,Yes,Yes
20240729,2024-07-29,2024,3,2024-Q3,7,July,Jul,29,1,Monday,No,Summer,No,No,Yes,No
20240730,2024-07-30,2024,3,2024-Q3,7,July,Jul,30,2,Tuesday,No,Summer,No,No,Yes,No
20240731,2024-07-31,2024,3,2024-Q3,7,July,Jul,31,3,Wednesday,No,Summer,No,No,Yes,Yes
20240801,2024-08-01,2024,3,2024-Q3,8,August,Aug,1,4,Thursday,No,Summer,No,No,Yes,Yes
20240802,2024-08-02,2024,3,2024-Q3,8,August,Aug,2,5,Friday,No,Summer,No,No,Yes,Yes
20240803,2024-08-03,2024,3,2024-Q3,8,August,Aug,3,6,Saturday,Yes,Summer,No,No,Yes,Yes
20240804,2024-08-04,2024,3,2024-Q3,8,August,Aug,4,7,Sunday,Yes,Summer,No,No,Yes,Yes
20240805,2024-08-05,2024,3,2024-Q3,8,August,Aug,5,1,Monday,No,Summer,No,No,Yes,No
20240806,2024-08-06,2024,3,2024-Q3,8,August,Aug,6,2,Tuesday,No,Summer,No,No,Yes,No
20240807,2024-08-07,2024,3,2024-Q3,8,August,Aug,7,3,Wednesday,No,Summer,No,No,Yes,Yes
20240808,2024-08-08,2024,3,2024-Q3,8,August,Aug,8,4,Thursday,No,Summer,No,No,Yes,Yes
20240809,2024-08-09,2024,3,2024-Q3,8,August,Aug,9,5,Friday,No,Summer,No,No,Yes,Yes
20240810,2024-08-10,2024,3,2024-Q3,8,August,Aug,10,6,Saturday,Yes,Summer,No,No,Yes,Yes
20240811,2024-08-11,2024,3,2024-Q3,8,August,Aug,11,7,Sunday,Yes,Summer,No,No,Yes,Yes
20240812,2024-08-12,2024,3,2024-Q3,8,August,Aug,12,1,Monday,No,Summer,No,No,Yes,No
20240813,2024-08-13,2024,3,2024-Q3,8,August,Aug,13,2,Tuesday,No,Summer,No,No,Yes,No
20240814,2024-08-14,2024,3,2024-Q3,8,August,Aug,14,3,Wednesday,No,Summer,No,No,Yes,Yes
20240815,2024-08-15,2024,3,2024-Q3,8,August,Aug,15,4,Thursday,No,Summer,No,No,Yes,Yes
20240816,2024-08-16,2024,3,2024-Q3,8,August,Aug,16,5,Friday,No,Summer,No,No,Yes,Yes
20240817,2024-08-17,2024,3,2024-Q3,8,August,Aug,17,6,Saturday,Yes,Summer,No,No,Yes,Yes
20240818,2024-08-18,2024,3,2024-Q3,8,August,Aug,18,7,Sunday,Yes,Summer,No,No,Yes,Yes
20240819,2024-08-19,2024,3,2024-Q3,8,August,Aug,19,1,Monday,No,Summer,No,No,Yes,No
20240820,2024-08-20,2024,3,2024-Q3,8,August,Aug,20,2,Tuesday,No,Summer,No,No,Yes,No
20240821,2024-08-21,2024,3,2024-Q3,8,August,Aug,21,3,Wednesday,No,Summer,No,No,Yes,Yes
20240822,2024-08-22,2024,3,2024-Q3,8,August,Aug,22,4,Thursday,No,Summer,No,No,Yes,Yes
20240823,2024-08-23,2024,3,2024-Q3,8,August,Aug,23,5,Friday,No,Summer,No,No,Yes,Yes
20240824,2024-08-24,2024,3,2024-Q3,8,August,Aug,24,6,Saturday,Yes,Summer,No,No,Yes,Yes
20240825,2024-08-25,2024,3,2024-Q3,8,August,Aug,25,7,Sunday,Yes,Summer,No,No,Yes,Yes
20240826,2024-08-26,2024,3,2024-Q3,8,August,Aug,26,1,Monday,No,Summer,Yes,Yes,Yes,Yes
20240827,2024-08-27,2024,3,2024-Q3,8,August,Aug,27,2,Tuesday,No,Summer,No,No,Yes,No
20240828,2024-08-28,2024,3,2024-Q3,8,August,Aug,28,3,Wednesday,No,Summer,No,No,Yes,Yes
20240829,2024-08-29,2024,3,2024-Q3,8,August,Aug,29,4,Thursday,No,Summer,No,No,Yes,Yes
20240830,2024-08-30,2024,3,2024-Q3,8,August,Aug,30,5,Friday,No,Summer,No,No,Yes,Yes
20240831,2024-08-31,2024,3,2024-Q3,8,August,Aug,31,6,Saturday,Yes,Summer,No,No,Yes,Yes
20240901,2024-09-01,2024,3,2024-Q3,9,September,Sep,1,7,Sunday,Yes,Autumn,No,No,Yes,Yes
20240902,2024-09-02,2024,3,2024-Q3,9,September,Sep,2,1,Monday,No,Autumn,No,No,Yes,No
20240903,2024-09-03,2024,3,2024-Q3,9,September,Sep,3,2,Tuesday,No,Autumn,No,No,No,No
20240904,2024-09-04,2024,3,2024-Q3,9,September,Sep,4,3,Wednesday,No,Autumn,No,No,No,Yes
20240905,2024-09-05,2024,3,2024-Q3,9,September,Sep,5,4,Thursday,No,Autumn,No,No,No,Yes
20240906,2024-09-06,2024,3,2024-Q3,9,September,Sep,6,5,Friday,No,Autumn,No,No,No,Yes
20240907,2024-09-07,2024,3,2024-Q3,9,September,Sep,7,6,Saturday,Yes,Autumn,No,No,No,Yes
20240908,2024-09-08,2024,3,2024-Q3,9,September,Sep,8,7,Sunday,Yes,Autumn,No,No,No,Yes
20240909,2024-09-09,2024,3,2024-Q3,9,September,Sep,9,1,Monday,No,Autumn,No,No,No,No
20240910,2024-09-10,2024,3,2024-Q3,9,September,Sep,10,2,Tuesday,No,Autumn,No,No,No,No
20240911,2024-09-11,2024,3,2024-Q3,9,September,Sep,11,3,Wednesday,No,Autumn,No,No,No,Yes
20240912,2024-09-12,2024,3,2024-Q3,9,September,Sep,12,4,Thursday,No,Autumn,No,No,No,Yes
20240913,2024-09-13,2024,3,2024-Q3,9,September,Sep,13,5,Friday,No,Autumn,No,No,No,Yes
20240914,2024-09-14,2024,3,2024-Q3,9,September,Sep,14,6,Saturday,Yes,Autumn,No,No,No,Yes
20240915,2024-09-15,2024,3,2024-Q3,9,September,Sep,15,7,Sunday,Yes,Autumn,No,No,No,Yes
20240916,2024-09-16,2024,3,2024-Q3,9,September,Sep,16,1,Monday,No,Autumn,No,No,No,No
20240917,2024-09-17,2024,3,2024-Q3,9,September,Sep,17,2,Tuesday,No,Autumn,No,No,No,No
20240918,2024-09-18,2024,3,2024-Q3,9,September,Sep,18,3,Wednesday,No,Autumn,No,No,No,Yes
20240919,2024-09-19,2024,3,2024-Q3,9,September,Sep,19,4,Thursday,No,Autumn,No,No,No,Yes
20240920,2024-09-20,2024,3,2024-Q3,9,September,Sep,20,5,Friday,No,Autumn,No,No,No,Yes
20240921,2024-09-21,2024,3,2024-Q3,9,September,Sep,21,6,Saturday,Yes,Autumn,No,No,No,Yes
20240922,2024-09-22,2024,3,2024-Q3,9,September,Sep,22,7,Sunday,Yes,Autumn,No,No,No,Yes
20240923,2024-09-23,2024,3,2024-Q3,9,September,Sep,23,1,Monday,No,Autumn,No,No,No,No
20240924,2024-09-24,2024,3,2024-Q3,9,September,Sep,24,2,Tuesday,No,Autumn,No,No,No,No
20240925,2024-09-25,2024,3,2024-Q3,9,September,Sep,25,3,Wednesday,No,Autumn,No,No,No,Yes
20240926,2024-09-26,2024,3,2024-Q3,9,September,Sep,26,4,Thursday,No,Autumn,No,No,No,Yes
20240927,2024-09-27,2024,3,2024-Q3,9,September,Sep,27,5,Friday,No,Autumn,No,No,No,Yes
20240928,2024-09-28,2024,3,2024-Q3,9,September,Sep,28,6,Saturday,Yes,Autumn,No,No,No,Yes
20240929,2024-09-29,2024,3,2024-Q3,9,September,Sep,29,7,Sunday,Yes,Autumn,No,No,No,Yes
20240930,2024-09-30,2024,3,2024-Q3,9,September,Sep,30,1,Monday,No,Autumn,No,No,No,No
20241001,2024-10-01,2024,4,2024-Q4,10,October,Oct,1,2,Tuesday,No,Autumn,No,No,No,No
20241002,2024-10-02,2024,4,2024-Q4,10,October,Oct,2,3,Wednesday,No,Autumn,No,No,No,Yes
20241003,2024-10-03,2024,4,2024-Q4,10,October,Oct,3,4,Thursday,No,Autumn,No,No,No,Yes
20241004,2024-10-04,2024,4,2024-Q4,10,October,Oct,4,5,Friday,No,Autumn,No,No,No,Yes
20241005,2024-10-05,2024,4,2024-Q4,10,October,Oct,5,6,Saturday,Yes,Autumn,No,No,No,Yes
20241006,2024-10-06,2024,4,2024-Q4,10,October,Oct,6,7,Sunday,Yes,Autumn,No,No,No,Yes
20241007,2024-10-07,2024,4,2024-Q4,10,October,Oct,7,1,Monday,No,Autumn,No,No,No,No
20241008,2024-10-08,2024,4,2024-Q4,10,October,Oct,8,2,Tuesday,No,Autumn,No,No,No,No
20241009,2024-10-09,2024,4,2024-Q4,10,October,Oct,9,3,Wednesday,No,Autumn,No,No,No,Yes
20241010,2024-10-10,2024,4,2024-Q4,10,October,Oct,10,4,Thursday,No,Autumn,No,No,No,Yes
20241011,2024-10-11,2024,4,2024-Q4,10,October,Oct,11,5,Friday,No,Autumn,No,No,No,Yes
20241012,2024-10-12,2024,4,2024-Q4,10,October,Oct,12,6,Saturday,Yes,Autumn,No,No,No,Yes
20241013,2024-10-13,2024,4,2024-Q4,10,October,Oct,13,7,Sunday,Yes,Autumn,No,No,No,Yes
20241014,2024-10-14,2024,4,2024-Q4,10,October,Oct,14,1,Monday,No,Autumn,No,No,No,No
20241015,2024-10-15,2024,4,2024-Q4,10,October,Oct,15,2,Tuesday,No,Autumn,No,No,No,No
20241016,2024-10-16,2024,4,2024-Q4,10,October,Oct,16,3,Wednesday,No,Autumn,No,No,No,Yes
20241017,2024-10-17,2024,4,2024-Q4,10,October,Oct,17,4,Thursday,No,Autumn,No,No,No,Yes
20241018,2024-10-18,2024,4,2024-Q4,10,October,Oct,18,5,Friday,No,Autumn,No,No,No,Yes
20241019,2024-10-19,2024,4,2024-Q4,10,October,Oct,19,6,Saturday,Yes,Autumn,No,No,No,Yes
20241020,2024-10-20,2024,4,2024-Q4,10,October,Oct,20,7,Sunday,Yes,Autumn,No,No,No,Yes
20241021,2024-10-21,2024,4,2024-Q4,10,October,Oct,21,1,Monday,No,Autumn,No,No,No,No
20241022,2024-10-22,2024,4,2024-Q4,10,October,Oct,22,2,Tuesday,No,Autumn,No,No,No,No
20241023,2024-10-23,2024,4,2024-Q4,10,October,Oct,23,3,Wednesday,No,Autumn,No,No,No,Yes
20241024,2024-10-24,2024,4,2024-Q4,10,October,Oct,24,4,Thursday,No,Autumn,No,No,No,Yes
20241025,2024-10-25,2024,4,2024-Q4,10,October,Oct,25,5,Friday,No,Autumn,No,No,Yes,Yes
20241026,2024-10-26,2024,4,2024-Q4,10,October,Oct,26,6,Saturday,Yes,Autumn,No,No,Yes,Yes
20241027,2024-10-27,2024,4,2024-Q4,10,October,Oct,27,7,Sunday,Yes,Autumn,No,No,Yes,Yes
20241028,2024-10-28,2024,4,2024-Q4,10,October,Oct,28,1,Monday,No,Autumn,No,No,Yes,No
20241029,2024-10-29,2024,4,2024-Q4,10,October,Oct,29,2,Tuesday,No,Autumn,No,No,Yes,No
20241030,2024-10-30,2024,4,2024-Q4,10,October,Oct,30,3,Wednesday,No,Autumn,No,No,Yes,Yes
20241031,2024-10-31,2024,4,2024-Q4,10,October,Oct,31,4,Thursday,No,Autumn,No,No,Yes,Yes
20241101,2024-11-01,2024,4,2024-Q4,11,November,Nov,1,5,Friday,No,Autumn,No,No,Yes,No
20241102,2024-11-02,2024,4,2024-Q4,11,November,Nov,2,6,Saturday,Yes,Autumn,No,No,Yes,No
20241103,2024-11-03,2024,4,2024-Q4,11,November,Nov,3,7,Sunday,Yes,Autumn,No,No,No,No
20241104,2024-11-04,2024,4,2024-Q4,11,November,Nov,4,1,Monday,No,Autumn,No,No,No,No
20241105,2024-11-05,2024,4,2024-Q4,11,November,Nov,5,2,Tuesday,No,Autumn,No,No,No,No
20241106,2024-11-06,2024,4,2024-Q4,11,November,Nov,6,3,Wednesday,No,Autumn,No,No,No,No
20241107,2024-11-07,2024,4,2024-Q4,11,November,Nov,7,4,Thursday,No,Autumn,No,No,No,No
20241108,2024-11-08,2024,4,2024-Q4,11,November,Nov,8,5,Friday,No,Autumn,No,No,No,No
20241109,2024-11-09,2024,4,2024-Q4,11,November,Nov,9,6,Saturday,Yes,Autumn,No,No,No,No
20241110,2024-11-10,2024,4,2024-Q4,11,November,Nov,10,7,Sunday,Yes,Autumn,No,No,No,No
20241111,2024-11-11,2024,4,2024-Q4,11,November,Nov,11,1,Monday,No,Autumn,No,No,No,No
20241112,2024-11-12,2024,4,2024-Q4,11,November,Nov,12,2,Tuesday,No,Autumn,No,No,No,No
20241113,2024-11-13,2024,4,2024-Q4,11,November,Nov,13,3,Wednesday,No,Autumn,No,No,No,No
20241114,2024-11-14,2024,4,2024-Q4,11,November,Nov,14,4,Thursday,No,Autumn,No,No,No,No
20241115,2024-11-15,2024,4,2024-Q4,11,November,Nov,15,5,Friday,No,Autumn,No,No,No,No
20241116,2024-11-16,2024,4,2024-Q4,11,November,Nov,16,6,Saturday,Yes,Autumn,No,No,No,No
20241117,2024-11-17,2024,4,2024-Q4,11,November,Nov,17,7,Sunday,Yes,Autumn,No,No,No,No
20241118,2024-11-18,2024,4,2024-Q4,11,November,Nov,18,1,Monday,No,Autumn,No,No,No,No
20241119,2024-11-19,2024,4,2024-Q4,11,November,Nov,19,2,Tuesday,No,Autumn,No,No,No,No
20241120,2024-11-20,2024,4,2024-Q4,11,November,Nov,20,3,Wednesday,No,Autumn,No,No,No,No
20241121,2024-11-21,2024,4,2024-Q4,11,November,Nov,21,4,Thursday,No,Autumn,No,No,No,No
20241122,2024-11-22,2024,4,2024-Q4,11,November,Nov,22,5,Friday,No,Autumn,No,No,No,No
20241123,2024-11-23,2024,4,2024-Q4,11,November,Nov,23,6,Saturday,Yes,Autumn,No,No,No,No
20241124,2024-11-24,2024,4,2024-Q4,11,November,Nov,24,7,Sunday,Yes,Autumn,No,No,No,No
20241125,2024-11-25,2024,4,2024-Q4,11,November,Nov,25,1,Monday,No,Autumn,No,No,No,No
20241126,2024-11-26,2024,4,2024-Q4,11,November,Nov,26,2,Tuesday,No,Autumn,No,No,No,No
20241127,2024-11-27,2024,4,2024-Q4,11,November,Nov,27,3,Wednesday,No,Autumn,No,No,No,No
20241128,2024-11-28,2024,4,2024-Q4,11,November,Nov,28,4,Thursday,No,Autumn,No,No,No,No
20241129,2024-11-29,2024,4,2024-Q4,11,November,Nov,29,5,Friday,No,Autumn,No,No,No,No
20241130,2024-11-30,2024,4,2024-Q4,11,November,Nov,30,6,Saturday,Yes,Autumn,No,No,No,No
20241201,2024-12-01,2024,4,2024-Q4,12,December,Dec,1,7,Sunday,Yes,Winter,No,No,No,No
20241202,2024-12-02,2024,4,2024-Q4,12,December,Dec,2,1,Monday,No,Winter,No,No,No,No
20241203,2024-12-03,2024,4,2024-Q4,12,December,Dec,3,2,Tuesday,No,Winter,No,No,No,No
20241204,2024-12-04,2024,4,2024-Q4,12,December,Dec,4,3,Wednesday,No,Winter,No,No,No,No
20241205,2024-12-05,2024,4,2024-Q4,12,December,Dec,5,4,Thursday,No,Winter,No,No,No,No
20241206,2024-12-06,2024,4,2024-Q4,12,December,Dec,6,5,Friday,No,Winter,No,No,No,No
20241207,2024-12-07,2024,4,2024-Q4,12,December,Dec,7,6,Saturday,Yes,Winter,No,No,No,No
20241208,2024-12-08,2024,4,2024-Q4,12,December,Dec,8,7,Sunday,Yes,Winter,No,No,No,No
20241209,2024-12-09,2024,4,2024-Q4,12,December,Dec,9,1,Monday,No,Winter,No,No,No,No
20241210,2024-12-10,2024,4,2024-Q4,12,December,Dec,10,2,Tuesday,No,Winter,No,No,No,No
20241211,2024-12-11,2024,4,2024-Q4,12,December,Dec,11,3,Wednesday,No,Winter,No,No,No,No
20241212,2024-12-12,2024,4,2024-Q4,12,December,Dec,12,4,Thursday,No,Winter,No,No,No,No
20241213,2024-12-13,2024,4,2024-Q4,12,December,Dec,13,5,Friday,No,Winter,No,No,No,No
20241214,2024-12-14,2024,4,2024-Q4,12,December,Dec,14,6,Saturday,Yes,Winter,No,No,No,No
20241215,2024-12-15,2024,4,2024-Q4,12,December,Dec,15,7,Sunday,Yes,Winter,No,No,No,No
20241216,2024-12-16,2024,4,2024-Q4,12,December,Dec,16,1,Monday,No,Winter,No,No,No,No
20241217,2024-12-17,2024,4,2024-Q4,12,December,Dec,17,2,Tuesday,No,Winter,No,No,No,No
20241218,2024-12-18,2024,4,2024-Q4,12,December,Dec,18,3,Wednesday,No,Winter,No,No,No,No
20241219,2024-12-19,2024,4,2024-Q4,12,December,Dec,19,4,Thursday,No,Winter,No,No,No,No
20241220,2024-12-20,2024,4,2024-Q4,12,December,Dec,20,5,Friday,No,Winter,No,No,Yes,No
20241221,2024-12-21,2024,4,2024-Q4,12,December,Dec,21,6,Saturday,Yes,Winter,No,No,Yes,No
20241222,2024-12-22,2024,4,2024-Q4,12,December,Dec,22,7,Sunday,Yes,Winter,No,No,Yes,No
20241223,2024-12-23,2024,4,2024-Q4,12,December,Dec,23,1,Monday,No,Winter,No,No,Yes,No
20241224,2024-12-24,2024,4,2024-Q4,12,December,Dec,24,2,Tuesday,No,Winter,No,No,Yes,No
20241225,2024-12-25,2024,4,2024-Q4,12,December,Dec,25,3,Wednesday,No,Winter,Yes,No,Yes,No
20241226,2024-12-26,2024,4,2024-Q4,12,December,Dec,26,4,Thursday,No,Winter,Yes,No,Yes,No
20241227,2024-12-27,2024,4,2024-Q4,12,December,Dec,27,5,Friday,No,Winter,No,No,Yes,No
20241228,2024-12-28,2024,4,2024-Q4,12,December,Dec,28,6,Saturday,Yes,Winter,No,No,Yes,No
20241229,2024-12-29,2024,4,2024-Q4,12,December,Dec,29,7,Sunday,Yes,Winter,No,No,Yes,No
20241230,2024-12-30,2024,4,2024-Q4,12,December,Dec,30,1,Monday,No,Winter,No,No,Yes,No
20241231,2024-12-31,2024,4,2024-Q4,12,December,Dec,31,2,Tuesday,No,Winter,No,No,Yes,No
20250101,2025-01-01,2025,1,2025-Q1,1,January,Jan,1,3,Wednesday,No,Winter,Yes,No,No,No
20250102,2025-01-02,2025,1,2025-Q1,1,January,Jan,2,4,Thursday,No,Winter,No,No,No,No
20250103,2025-01-03,2025,1,2025-Q1,1,January,Jan,3,5,Friday,No,Winter,No,No,No,No
20250104,2025-01-04,2025,1,2025-Q1,1,January,Jan,4,6,Saturday,Yes,Winter,No,No,No,No
20250105,2025-01-05,2025,1,2025-Q1,1,January,Jan,5,7,Sunday,Yes,Winter,No,No,No,No
20250106,2025-01-06,2025,1,2025-Q1,1,January,Jan,6,1,Monday,No,Winter,No,No,No,No
20250107,2025-01-07,2025,1,2025-Q1,1,January,Jan,7,2,Tuesday,No,Winter,No,No,No,No
20250108,2025-01-08,2025,1,2025-Q1,1,January,Jan,8,3,Wednesday,No,Winter,No,No,No,No
20250109,2025-01-09,2025,1,2025-Q1,1,January,Jan,9,4,Thursday,No,Winter,No,No,No,No
20250110,2025-01-10,2025,1,2025-Q1,1,January,Jan,10,5,Friday,No,Winter,No,No,No,No
20250111,2025-01-11,2025,1,2025-Q1,1,January,Jan,11,6,Saturday,Yes,Winter,No,No,No,No
20250112,2025-01-12,2025,1,2025-Q1,1,January,Jan,12,7,Sunday,Yes,Winter,No,No,No,No
20250113,2025-01-13,2025,1,2025-Q1,1,January,Jan,13,1,Monday,No,Winter,No,No,No,No
20250114,2025-01-14,2025,1,2025-Q1,1,January,Jan,14,2,Tuesday,No,Winter,No,No,No,No
20250115,2025-01-15,2025,1,2025-Q1,1,January,Jan,15,3,Wednesday,No,Winter,No,No,No,No
20250116,2025-01-16,2025,1,2025-Q1,1,January,Jan,16,4,Thursday,No,Winter,No,No,No,No
20250117,2025-01-17,2025,1,2025-Q1,1,January,Jan,17,5,Friday,No,Winter,No,No,No,No
20250118,2025-01-18,2025,1,2025-Q1,1,January,Jan,18,6,Saturday,Yes,Winter,No,No,No,No
20250119,2025-01-19,2025,1,2025-Q1,1,January,Jan,19,7,Sunday,Yes,Winter,No,No,No,No
20250120,2025-01-20,2025,1,2025-Q1,1,January,Jan,20,1,Monday,No,Winter,No,No,No,No
20250121,2025-01-21,2025,1,2025-Q1,1,January,Jan,21,2,Tuesday,No,Winter,No,No,No,No
20250122,2025-01-22,2025,1,2025-Q1,1,January,Jan,22,3,Wednesday,No,Winter,No,No,No,No
20250123,2025-01-23,2025,1,2025-Q1,1,January,Jan,23,4,Thursday,No,Winter,No,No,No,No
20250124,2025-01-24,2025,1,2025-Q1,1,January,Jan,24,5,Friday,No,Winter,No,No,No,No
20250125,2025-01-25,2025,1,2025-Q1,1,January,Jan,25,6,Saturday,Yes,Winter,No,No,No,No
20250126,2025-01-26,2025,1,2025-Q1,1,January,Jan,26,7,Sunday,Yes,Winter,No,No,No,No
20250127,2025-01-27,2025,1,2025-Q1,1,January,Jan,27,1,Monday,No,Winter,No,No,No,No
20250128,2025-01-28,2025,1,2025-Q1,1,January,Jan,28,2,Tuesday,No,Winter,No,No,No,No
20250129,2025-01-29,2025,1,2025-Q1,1,January,Jan,29,3,Wednesday,No,Winter,No,No,No,No
20250130,2025-01-30,2025,1,2025-Q1,1,January,Jan,30,4,Thursday,No,Winter,No,No,No,No
20250131,2025-01-31,2025,1,2025-Q1,1,January,Jan,31,5,Friday,No,Winter,No,No,No,No
20250201,2025-02-01,2025,1,2025-Q1,2,February,Feb,1,6,Saturday,Yes,Winter,No,No,No,No
20250202,2025-02-02,2025,1,2025-Q1,2,February,Feb,2,7,Sunday,Yes,Winter,No,No,No,No
20250203,2025-02-03,2025,1,2025-Q1,2,February,Feb,3,1,Monday,No,Winter,No,No,No,No
20250204,2025-02-04,2025,1,2025-Q1,2,February,Feb,4,2,Tuesday,No,Winter,No,No,No,No
20250205,2025-02-05,2025,1,2025-Q1,2,February,Feb,5,3,Wednesday,No,Winter,No,No,No,No
20250206,2025-02-06,2025,1,2025-Q1,2,February,Feb,6,4,Thursday,No,Winter,No,No,No,No
20250207,2025-02-07,2025,1,2025-Q1,2,February,Feb,7,5,Friday,No,Winter,No,No,No,No
20250208,2025-02-08,2025,1,2025-Q1,2,February,Feb,8,6,Saturday,Yes,Winter,No,No,No,No
20250209,2025-02-09,2025,1,2025-Q1,2,February,Feb,9,7,Sunday,Yes,Winter,No,No,No,No
20250210,2025-02-10,2025,1,2025-Q1,2,February,Feb,10,1,Monday,No,Winter,No,No,No,No
20250211,2025-02-11,2025,1,2025-Q1,2,February,Feb,11,2,Tuesday,No,Winter,No,No,No,No
20250212,2025-02-12,2025,1,2025-Q1,2,February,Feb,12,3,Wednesday,No,Winter,No,No,Yes,No
20250213,2025-02-13,2025,1,2025-Q1,2,February,Feb,13,4,Thursday,No,Winter,No,No,Yes,No
20250214,2025-02-14,2025,1,2025-Q1,2,February,Feb,14,5,Friday,No,Winter,No,No,Yes,No
20250215,2025-02-15,2025,1,2025-Q1,2,February,Feb,15,6,Saturday,Yes,Winter,No,No,Yes,No
20250216,2025-02-16,2025,1,2025-Q1,2,February,Feb,16,7,Sunday,Yes,Winter,No,No,Yes,No
20250217,2025-02-17,2025,1,2025-Q1,2,February,Feb,17,1,Monday,No,Winter,No,No,Yes,No
20250218,2025-02-18,2025,1,2025-Q1,2,February,Feb,18,2,Tuesday,No,Winter,No,No,Yes,No
20250219,2025-02-19,2025,1,2025-Q1,2,February,Feb,19,3,Wednesday,No,Winter,No,No,Yes,No
20250220,2025-02-20,2025,1,2025-Q1,2,February,Feb,20,4,Thursday,No,Winter,No,No,Yes,No
20250221,2025-02-21,2025,1,2025-Q1,2,February,Feb,21,5,Friday,No,Winter,No,No,Yes,No
20250222,2025-02-22,2025,1,2025-Q1,2,February,Feb,22,6,Saturday,Yes,Winter,No,No,Yes,No
20250223,2025-02-23,2025,1,2025-Q1,2,February,Feb,23,7,Sunday,Yes,Winter,No,No,Yes,No
20250224,2025-02-24,2025,1,2025-Q1,2,February,Feb,24,1,Monday,No,Winter,No,No,No,No
20250225,2025-02-25,2025,1,2025-Q1,2,February,Feb,25,2,Tuesday,No,Winter,No,No,No,No
20250226,2025-02-26,2025,1,2025-Q1,2,February,Feb,26,3,Wednesday,No,Winter,No,No,No,No
20250227,2025-02-27,2025,1,2025-Q1,2,February,Feb,27,4,Thursday,No,Winter,No,No,No,No
20250228,2025-02-28,2025,1,2025-Q1,2,February,Feb,28,5,Friday,No,Winter,No,No,No,No
20250301,2025-03-01,2025,1,2025-Q1,3,March,Mar,1,6,Saturday,Yes,Spring,No,No,No,No
20250302,2025-03-02,2025,1,2025-Q1,3,March,Mar,2,7,Sunday,Yes,Spring,No,No,No,No
20250303,2025-03-03,2025,1,2025-Q1,3,March,Mar,3,1,Monday,No,Spring,No,No,No,No
20250304,2025-03-04,2025,1,2025-Q1,3,March,Mar,4,2,Tuesday,No,Spring,No,No,No,No
20250305,2025-03-05,2025,1,2025-Q1,3,March,Mar,5,3,Wednesday,No,Spring,No,No,No,No
20250306,2025-03-06,2025,1,2025-Q1,3,March,Mar,6,4,Thursday,No,Spring,No,No,No,No
20250307,2025-03-07,2025,1,2025-Q1,3,March,Mar,7,5,Friday,No,Spring,No,No,No,No
20250308,2025-03-08,2025,1,2025-Q1,3,March,Mar,8,6,Saturday,Yes,Spring,No,No,No,No
20250309,2025-03-09,2025,1,2025-Q1,3,March,Mar,9,7,Sunday,Yes,Spring,No,No,No,No
20250310,2025-03-10,2025,1,2025-Q1,3,March,Mar,10,1,Monday,No,Spring,No,No,No,No
20250311,2025-03-11,2025,1,2025-Q1,3,March,Mar,11,2,Tuesday,No,Spring,No,No,No,No
20250312,2025-03-12,2025,1,2025-Q1,3,March,Mar,12,3,Wednesday,No,Spring,No,No,No,No
20250313,2025-03-13,2025,1,2025-Q1,3,March,Mar,13,4,Thursday,No,Spring,No,No,No,No
20250314,2025-03-14,2025,1,2025-Q1,3,March,Mar,14,5,Friday,No,Spring,No,No,No,No
20250315,2025-03-15,2025,1,2025-Q1,3,March,Mar,15,6,Saturday,Yes,Spring,No,No,No,No
20250316,2025-03-16,2025,1,2025-Q1,3,March,Mar,16,7,Sunday,Yes,Spring,No,No,No,No
20250317,2025-03-17,2025,1,2025-Q1,3,March,Mar,17,1,Monday,No,Spring,No,No,No,No
20250318,2025-03-18,2025,1,2025-Q1,3,March,Mar,18,2,Tuesday,No,Spring,No,No,No,No
20250319,2025-03-19,2025,1,2025-Q1,3,March,Mar,19,3,Wednesday,No,Spring,No,No,No,No
20250320,2025-03-20,2025,1,2025-Q1,3,March,Mar,20,4,Thursday,No,Spring,No,No,No,No
20250321,2025-03-21,2025,1,2025-Q1,3,March,Mar,21,5,Friday,No,Spring,No,No,No,No
20250322,2025-03-22,2025,1,2025-Q1,3,March,Mar,22,6,Saturday,Yes,Spring,No,No,No,No
20250323,2025-03-23,2025,1,2025-Q1,3,March,Mar,23,7,Sunday,Yes,Spring,No,No,No,No
20250324,2025-03-24,2025,1,2025-Q1,3,March,Mar,24,1,Monday,No,Spring,No,No,No,No
20250325,2025-03-25,2025,1,2025-Q1,3,March,Mar,25,2,Tuesday,No,Spring,No,No,No,No
20250326,2025-03-26,2025,1,2025-Q1,3,March,Mar,26,3,Wednesday,No,Spring,No,No,No,No
20250327,2025-03-27,2025,1,2025-Q1,3,March,Mar,27,4,Thursday,No,Spring,No,No,No,No
20250328,2025-03-28,2025,1,2025-Q1,3,March,Mar,28,5,Friday,No,Spring,No,No,Yes,No
20250329,2025-03-29,2025,1,2025-Q1,3,March,Mar,29,6,Saturday,Yes,Spring,No,No,Yes,No
20250330,2025-03-30,2025,1,2025-Q1,3,March,Mar,30,7,Sunday,Yes,Spring,No,No,Yes,No
20250331,2025-03-31,2025,1,2025-Q1,3,March,Mar,31,1,Monday,No,Spring,No,No,Yes,No
20250401,2025-04-01,2025,2,2025-Q2,4,April,Apr,1,2,Tuesday,No,Spring,No,No,Yes,No
20250402,2025-04-02,2025,2,2025-Q2,4,April,Apr,2,3,Wednesday,No,Spring,No,No,Yes,Yes
20250403,2025-04-03,2025,2,2025-Q2,4,April,Apr,3,4,Thursday,No,Spring,No,No,Yes,Yes
20250404,2025-04-04,2025,2,2025-Q2,4,April,Apr,4,5,Friday,No,Spring,No,No,Yes,Yes
20250405,2025-04-05,2025,2,2025-Q2,4,April,Apr,5,6,Saturday,Yes,Spring,No,No,Yes,Yes
20250406,2025-04-06,2025,2,2025-Q2,4,April,Apr,6,7,Sunday,Yes,Spring,No,No,Yes,Yes
20250407,2025-04-07,2025,2,2025-Q2,4,April,Apr,7,1,Monday,No,Spring,No,No,Yes,No
20250408,2025-04-08,2025,2,2025-Q2,4,April,Apr,8,2,Tuesday,No,Spring,No,No,Yes,No
20250409,2025-04-09,2025,2,2025-Q2,4,April,Apr,9,3,Wednesday,No,Spring,No,No,Yes,Yes
20250410,2025-04-10,2025,2,2025-Q2,4,April,Apr,10,4,Thursday,No,Spring,No,No,Yes,Yes
20250411,2025-04-11,2025,2,2025-Q2,4,April,Apr,11,5,Friday,No,Spring,No,No,Yes,Yes
20250412,2025-04-12,2025,2,2025-Q2,4,April,Apr,12,6,Saturday,Yes,Spring,No,No,Yes,Yes
20250413,2025-04-13,2025,2,2025-Q2,4,April,Apr,13,7,Sunday,Yes,Spring,No,No,Yes,Yes
20250414,2025-04-14,2025,2,2025-Q2,4,April,Apr,14,1,Monday,No,Spring,No,No,Yes,No
20250415,2025-04-15,2025,2,2025-Q2,4,April,Apr,15,2,Tuesday,No,Spring,No,No,No,No
20250416,2025-04-16,2025,2,2025-Q2,4,April,Apr,16,3,Wednesday,No,Spring,No,No,No,Yes
20250417,2025-04-17,2025,2,2025-Q2,4,April,Apr,17,4,Thursday,No,Spring,No,No,No,Yes
20250418,2025-04-18,2025,2,2025-Q2,4,April,Apr,18,5,Friday,No,Spring,Yes,No,No,Yes
20250419,2025-04-19,2025,2,2025-Q2,4,April,Apr,19,6,Saturday,Yes,Spring,No,No,No,Yes
20250420,2025-04-20,2025,2,2025-Q2,4,April,Apr,20,7,Sunday,Yes,Spring,No,No,No,Yes
20250421,2025-04-21,2025,2,2025-Q2,4,April,Apr,21,1,Monday,No,Spring,Yes,Yes,No,Yes
20250422,2025-04-22,2025,2,2025-Q2,4,April,Apr,22,2,Tuesday,No,Spring,No,No,No,No
20250423,2025-04-23,2025,2,2025-Q2,4,April,Apr,23,3,Wednesday,No,Spring,No,No,No,Yes
20250424,2025-04-24,2025,2,2025-Q2,4,April,Apr,24,4,Thursday,No,Spring,No,No,No,Yes
20250425,2025-04-25,2025,2,2025-Q2,4,April,Apr,25,5,Friday,No,Spring,No,No,No,Yes
20250426,2025-04-26,2025,2,2025-Q2,4,April,Apr,26,6,Saturday,Yes,Spring,No,No,No,Yes
20250427,2025-04-27,2025,2,2025-Q2,4,April,Apr,27,7,Sunday,Yes,Spring,No,No,No,Yes
20250428,2025-04-28,2025,2,2025-Q2,4,April,Apr,28,1,Monday,No,Spring,No,No,No,No
20250429,2025-04-29,2025,2,2025-Q2,4,April,Apr,29,2,Tuesday,No,Spring,No,No,No,No
20250430,2025-04-30,2025,2,2025-Q2,4,April,Apr,30,3,Wednesday,No,Spring,No,No,No,Yes
20250501,2025-05-01,2025,2,2025-Q2,5,May,May,1,4,Thursday,No,Spring,No,No,No,Yes
20250502,2025-05-02,2025,2,2025-Q2,5,May,May,2,5,Friday,No,Spring,No,No,No,Yes
20250503,2025-05-03,2025,2,2025-Q2,5,May,May,3,6,Saturday,Yes,Spring,No,No,No,Yes
20250504,2025-05-04,2025,2,2025-Q2,5,May,May,4,7,Sunday,Yes,Spring,No,No,No,Yes
20250505,2025-05-05,2025,2,2025-Q2,5,May,May,5,1,Monday,No,Spring,Yes,Yes,No,Yes
20250506,2025-05-06,2025,2,2025-Q2,5,May,May,6,2,Tuesday,No,Spring,No,No,No,No
20250507,2025-05-07,2025,2,2025-Q2,5,May,May,7,3,Wednesday,No,Spring,No,No,No,Yes
20250508,2025-05-08,2025,2,2025-Q2,5,May,May,8,4,Thursday,No,Spring,No,No,No,Yes
20250509,2025-05-09,2025,2,2025-Q2,5,May,May,9,5,Friday,No,Spring,No,No,No,Yes
20250510,2025-05-10,2025,2,2025-Q2,5,May,May,10,6,Saturday,Yes,Spring,No,No,No,Yes
20250511,2025-05-11,2025,2,2025-Q2,5,May,May,11,7,Sunday,Yes,Spring,No,No,No,Yes
20250512,2025-05-12,2025,2,2025-Q2,5,May,May,12,1,Monday,No,Spring,No,No,No,No
20250513,2025-05-13,2025,2,2025-Q2,5,May,May,13,2,Tuesday,No,Spring,No,No,No,No
20250514,2025-05-14,2025,2,2025-Q2,5,May,May,14,3,Wednesday,No,Spring,No,No,No,Yes
20250515,2025-05-15,2025,2,2025-Q2,5,May,May,15,4,Thursday,No,Spring,No,No,No,Yes
20250516,2025-05-16,2025,2,2025-Q2,5,May,May,16,5,Friday,No,Spring,No,No,No,Yes
20250517,2025-05-17,2025,2,2025-Q2,5,May,May,17,6,Saturday,Yes,Spring,No,No,No,Yes
20250518,2025-05-18,2025,2,2025-Q2,5,May,May,18,7,Sunday,Yes,Spring,No,No,No,Yes
20250519,2025-05-19,2025,2,2025-Q2,5,May,May,19,1,Monday,No,Spring,No,No,No,No
20250520,2025-05-20,2025,2,2025-Q2,5,May,May,20,2,Tuesday,No,Spring,No,No,No,No
20250521,2025-05-21,2025,2,2025-Q2,5,May,May,21,3,Wednesday,No,Spring,No,No,No,Yes
20250522,2025-05-22,2025,2,2025-Q2,5,May,May,22,4,Thursday,No,Spring,No,No,No,Yes
20250523,2025-05-23,2025,2,2025-Q2,5,May,May,23,5,Friday,No,Spring,No,No,No,Yes
20250524,2025-05-24,2025,2,2025-Q2,5,May,May,24,6,Saturday,Yes,Spring,No,No,Yes,Yes
20250525,2025-05-25,2025,2,2025-Q2,5,May,May,25,7,Sunday,Yes,Spring,No,No,Yes,Yes
20250526,2025-05-26,2025,2,2025-Q2,5,May,May,26,1,Monday,No,Spring,Yes,Yes,Yes,Yes
20250527,2025-05-27,2025,2,2025-Q2,5,May,May,27,2,Tuesday,No,Spring,No,No,Yes,No
20250528,2025-05-28,2025,2,2025-Q2,5,May,May,28,3,Wednesday,No,Spring,No,No,Yes,Yes
20250529,2025-05-29,2025,2,2025-Q2,5,May,May,29,4,Thursday,No,Spring,No,No,Yes,Yes
20250530,2025-05-30,2025,2,2025-Q2,5,May,May,30,5,Friday,No,Spring,No,No,Yes,Yes
20250531,2025-05-31,2025,2,2025-Q2,5,May,May,31,6,Saturday,Yes,Spring,No,No,Yes,Yes
20250601,2025-06-01,2025,2,2025-Q2,6,June,Jun,1,7,Sunday,Yes,Summer,No,No,Yes,Yes
20250602,2025-06-02,2025,2,2025-Q2,6,June,Jun,2,1,Monday,No,Summer,No,No,Yes,No
20250603,2025-06-03,2025,2,2025-Q2,6,June,Jun,3,2,Tuesday,No,Summer,No,No,No,No
20250604,2025-06-04,2025,2,2025-Q2,6,June,Jun,4,3,Wednesday,No,Summer,No,No,No,Yes
20250605,2025-06-05,2025,2,2025-Q2,6,June,Jun,5,4,Thursday,No,Summer,No,No,No,Yes
20250606,2025-06-06,2025,2,2025-Q2,6,June,Jun,6,5,Friday,No,Summer,No,No,No,Yes
20250607,2025-06-07,2025,2,2025-Q2,6,June,Jun,7,6,Saturday,Yes,Summer,No,No,No,Yes
20250608,2025-06-08,2025,2,2025-Q2,6,June,Jun,8,7,Sunday,Yes,Summer,No,No,No,Yes
20250609,2025-06-09,2025,2,2025-Q2,6,June,Jun,9,1,Monday,No,Summer,No,No,No,No
20250610,2025-06-10,2025,2,2025-Q2,6,June,Jun,10,2,Tuesday,No,Summer,No,No,No,No
20250611,2025-06-11,2025,2,2025-Q2,6,June,Jun,11,3,Wednesday,No,Summer,No,No,No,Yes
20250612,2025-06-12,2025,2,2025-Q2,6,June,Jun,12,4,Thursday,No,Summer,No,No,No,Yes
20250613,2025-06-13,2025,2,2025-Q2,6,June,Jun,13,5,Friday,No,Summer,No,No,No,Yes
20250614,2025-06-14,2025,2,2025-Q2,6,June,Jun,14,6,Saturday,Yes,Summer,No,No,No,Yes
20250615,2025-06-15,2025,2,2025-Q2,6,June,Jun,15,7,Sunday,Yes,Summer,No,No,No,Yes
20250616,2025-06-16,2025,2,2025-Q2,6,June,Jun,16,1,Monday,No,Summer,No,No,No,No
20250617,2025-06-17,2025,2,2025-Q2,6,June,Jun,17,2,Tuesday,No,Summer,No,No,No,No
20250618,2025-06-18,2025,2,2025-Q2,6,June,Jun,18,3,Wednesday,No,Summer,No,No,No,Yes
20250619,2025-06-19,2025,2,2025-Q2,6,June,Jun,19,4,Thursday,No,Summer,No,No,No,Yes
20250620,2025-06-20,2025,2,2025-Q2,6,June,Jun,20,5,Friday,No,Summer,No,No,No,Yes
20250621,2025-06-21,2025,2,2025-Q2,6,June,Jun,21,6,Saturday,Yes,Summer,No,No,No,Yes
20250622,2025-06-22,2025,2,2025-Q2,6,June,Jun,22,7,Sunday,Yes,Summer,No,No,No,Yes
20250623,2025-06-23,2025,2,2025-Q2,6,June,Jun,23,1,Monday,No,Summer,No,No,No,No
20250624,2025-06-24,2025,2,2025-Q2,6,June,Jun,24,2,Tuesday,No,Summer,No,No,No,No
20250625,2025-06-25,2025,2,2025-Q2,6,June,Jun,25,3,Wednesday,No,Summer,No,No,No,Yes
20250626,2025-06-26,2025,2,2025-Q2,6,June,Jun,26,4,Thursday,No,Summer,No,No,No,Yes
20250627,2025-06-27,2025,2,2025-Q2,6,June,Jun,27,5,Friday,No,Summer,No,No,No,Yes
20250628,2025-06-28,2025,2,2025-Q2,6,June,Jun,28,6,Saturday,Yes,Summer,No,No,No,Yes
20250629,2025-06-29,2025,2,2025-Q2,6,June,Jun,29,7,Sunday,Yes,Summer,No,No,No,Yes
20250630,2025-06-30,2025,2,2025-Q2,6,June,Jun,30,1,Monday,No,Summer,No,No,No,No
20250701,2025-07-01,2025,3,2025-Q3,7,July,Jul,1,2,Tuesday,No,Summer,No,No,No,No
20250702,2025-07-02,2025,3,2025-Q3,7,July,Jul,2,3,Wednesday,No,Summer,No,No,No,Yes
20250703,2025-07-03,2025,3,2025-Q3,7,July,Jul,3,4,Thursday,No,Summer,No,No,No,Yes
20250704,2025-07-04,2025,3,2025-Q3,7,July,Jul,4,5,Friday,No,Summer,No,No,No,Yes
20250705,2025-07-05,2025,3,2025-Q3,7,July,Jul,5,6,Saturday,Yes,Summer,No,No,No,Yes
20250706,2025-07-06,2025,3,2025-Q3,7,July,Jul,6,7,Sunday,Yes,Summer,No,No,No,Yes
20250707,2025-07-07,2025,3,2025-Q3,7,July,Jul,7,1,Monday,No,Summer,No,No,No,No
20250708,2025-07-08,2025,3,2025-Q3,7,July,Jul,8,2,Tuesday,No,Summer,No,No,No,No
20250709,2025-07-09,2025,3,2025-Q3,7,July,Jul,9,3,Wednesday,No,Summer,No,No,No,Yes
20250710,2025-07-10,2025,3,2025-Q3,7,July,Jul,10,4,Thursday,No,Summer,No,No,No,Yes
20250711,2025-07-11,2025,3,2025-Q3,7,July,Jul,11,5,Friday,No,Summer,No,No,No,Yes
20250712,2025-07-12,2025,3,2025-Q3,7,July,Jul,12,6,Saturday,Yes,Summer,No,No,No,Yes
20250713,2025-07-13,2025,3,2025-Q3,7,July,Jul,13,7,Sunday,Yes,Summer,No,No,No,Yes
20250714,2025-07-14,2025,3,2025-Q3,7,July,Jul,14,1,Monday,No,Summer,No,No,No,No
20250715,2025-07-15,2025,3,2025-Q3,7,July,Jul,15,2,Tuesday,No,Summer,No,No,No,No
20250716,2025-07-16,2025,3,2025-Q3,7,July,Jul,16,3,Wednesday,No,Summer,No,No,No,Yes
20250717,2025-07-17,2025,3,2025-Q3,7,July,Jul,17,4,Thursday,No,Summer,No,No,No,Yes
20250718,2025-07-18,2025,3,2025-Q3,7,July,Jul,18,5,Friday,No,Summer,No,No,No,Yes
20250719,2025-07-19,2025,3,2025-Q3,7,July,Jul,19,6,Saturday,Yes,Summer,No,No,No,Yes
20250720,2025-07-20,2025,3,2025-Q3,7,July,Jul,20,7,Sunday,Yes,Summer,No,No,No,Yes
20250721,2025-07-21,2025,3,2025-Q3,7,July,Jul,21,1,Monday,No,Summer,No,No,No,No
20250722,2025-07-22,2025,3,2025-Q3,7,July,Jul,22,2,Tuesday,No,Summer,No,No,Yes,No
20250723,2025-07-23,2025,3,2025-Q3,7,July,Jul,23,3,Wednesday,No,Summer,No,No,Yes,Yes
20250724,2025-07-24,2025,3,2025-Q3,7,July,Jul,24,4,Thursday,No,Summer,No,No,Yes,Yes
20250725,2025-07-25,2025,3,2025-Q3,7,July,Jul,25,5,Friday,No,Summer,No,No,Yes,Yes
20250726,2025-07-26,2025,3,2025-Q3,7,July,Jul,26,6,Saturday,Yes,Summer,No,No,Yes,Yes
20250727,2025-07-27,2025,3,2025-Q3,7,July,Jul,27,7,Sunday,Yes,Summer,No,No,Yes,Yes
20250728,2025-07-28,2025,3,2025-Q3,7,July,Jul,28,1,Monday,No,Summer,No,No,Yes,No
20250729,2025-07-29,2025,3,2025-Q3,7,July,Jul,29,2,Tuesday,No,Summer,No,No,Yes,No
20250730,2025-07-30,2025,3,2025-Q3,7,July,Jul,30,3,Wednesday,No,Summer,No,No,Yes,Yes
20250731,2025-07-31,2025,3,2025-Q3,7,July,Jul,31,4,Thursday,No,Summer,No,No,Yes,Yes
20250801,2025-08-01,2025,3,2025-Q3,8,August,Aug,1,5,Friday,No,Summer,No,No,Yes,Yes
20250802,2025-08-02,2025,3,2025-Q3,8,August,Aug,2,6,Saturday,Yes,Summer,No,No,Yes,Yes
20250803,2025-08-03,2025,3,2025-Q3,8,August,Aug,3,7,Sunday,Yes,Summer,No,No,Yes,Yes
20250804,2025-08-04,2025,3,2025-Q3,8,August,Aug,4,1,Monday,No,Summer,No,No,Yes,No
20250805,2025-08-05,2025,3,2025-Q3,8,August,Aug,5,2,Tuesday,No,Summer,No,No,Yes,No
20250806,2025-08-06,2025,3,2025-Q3,8,August,Aug,6,3,Wednesday,No,Summer,No,No,Yes,Yes
20250807,2025-08-07,2025,3,2025-Q3,8,August,Aug,7,4,Thursday,No,Summer,No,No,Yes,Yes
20250808,2025-08-08,2025,3,2025-Q3,8,August,Aug,8,5,Friday,No,Summer,No,No,Yes,Yes
20250809,2025-08-09,2025,3,2025-Q3,8,August,Aug,9,6,Saturday,Yes,Summer,No,No,Yes,Yes
20250810,2025-08-10,2025,3,2025-Q3,8,August,Aug,10,7,Sunday,Yes,Summer,No,No,Yes,Yes
20250811,2025-08-11,2025,3,2025-Q3,8,August,Aug,11,1,Monday,No,Summer,No,No,Yes,No
20250812,2025-08-12,2025,3,2025-Q3,8,August,Aug,12,2,Tuesday,No,Summer,No,No,Yes,No
20250813,2025-08-13,2025,3,2025-Q3,8,August,Aug,13,3,Wednesday,No,Summer,No,No,Yes,Yes
20250814,2025-08-14,2025,3,2025-Q3,8,August,Aug,14,4,Thursday,No,Summer,No,No,Yes,Yes
20250815,2025-08-15,2025,3,2025-Q3,8,August,Aug,15,5,Friday,No,Summer,No,No,Yes,Yes
20250816,2025-08-16,2025,3,2025-Q3,8,August,Aug,16,6,Saturday,Yes,Summer,No,No,Yes,Yes
20250817,2025-08-17,2025,3,2025-Q3,8,August,Aug,17,7,Sunday,Yes,Summer,No,No,Yes,Yes
20250818,2025-08-18,2025,3,2025-Q3,8,August,Aug,18,1,Monday,No,Summer,No,No,Yes,No
20250819,2025-08-19,2025,3,2025-Q3,8,August,Aug,19,2,Tuesday,No,Summer,No,No,Yes,No
20250820,2025-08-20,2025,3,2025-Q3,8,August,Aug,20,3,Wednesday,No,Summer,No,No,Yes,Yes
20250821,2025-08-21,2025,3,2025-Q3,8,August,Aug,21,4,Thursday,No,Summer,No,No,Yes,Yes
20250822,2025-08-22,2025,3,2025-Q3,8,August,Aug,22,5,Friday,No,Summer,No,No,Yes,Yes
20250823,2025-08-23,2025,3,2025-Q3,8,August,Aug,23,6,Saturday,Yes,Summer,No,No,Yes,Yes
20250824,2025-08-24,2025,3,2025-Q3,8,August,Aug,24,7,Sunday,Yes,Summer,No,No,Yes,Yes
20250825,2025-08-25,2025,3,2025-Q3,8,August,Aug,25,1,Monday,No,Summer,Yes,Yes,Yes,Yes
20250826,2025-08-26,2025,3,2025-Q3,8,August,Aug,26,2,Tuesday,No,Summer,No,No,Yes,No
20250827,2025-08-27,2025,3,2025-Q3,8,August,Aug,27,3,Wednesday,No,Summer,No,No,Yes,Yes
20250828,2025-08-28,2025,3,2025-Q3,8,August,Aug,28,4,Thursday,No,Summer,No,No,Yes,Yes
20250829,2025-08-29,2025,3,2025-Q3,8,August,Aug,29,5,Friday,No,Summer,No,No,Yes,Yes
20250830,2025-08-30,2025,3,2025-Q3,8,August,Aug,30,6,Saturday,Yes,Summer,No,No,Yes,Yes
20250831,2025-08-31,2025,3,2025-Q3,8,August,Aug,31,7,Sunday,Yes,Summer,No,No,Yes,Yes
20250901,2025-09-01,2025,3,2025-Q3,9,September,Sep,1,1,Monday,No,Autumn,No,No,Yes,No
20250902,2025-09-02,2025,3,2025-Q3,9,September,Sep,2,2,Tuesday,No,Autumn,No,No,Yes,No
20250903,2025-09-03,2025,3,2025-Q3,9,September,Sep,3,3,Wednesday,No,Autumn,No,No,No,Yes
20250904,2025-09-04,2025,3,2025-Q3,9,September,Sep,4,4,Thursday,No,Autumn,No,No,No,Yes
20250905,2025-09-05,2025,3,2025-Q3,9,September,Sep,5,5,Friday,No,Autumn,No,No,No,Yes
20250906,2025-09-06,2025,3,2025-Q3,9,September,Sep,6,6,Saturday,Yes,Autumn,No,No,No,Yes
20250907,2025-09-07,2025,3,2025-Q3,9,September,Sep,7,7,Sunday,Yes,Autumn,No,No,No,Yes
20250908,2025-09-08,2025,3,2025-Q3,9,September,Sep,8,1,Monday,No,Autumn,No,No,No,No
20250909,2025-09-09,2025,3,2025-Q3,9,September,Sep,9,2,Tuesday,No,Autumn,No,No,No,No
20250910,2025-09-10,2025,3,2025-Q3,9,September,Sep,10,3,Wednesday,No,Autumn,No,No,No,Yes
20250911,2025-09-11,2025,3,2025-Q3,9,September,Sep,11,4,Thursday,No,Autumn,No,No,No,Yes
20250912,2025-09-12,2025,3,2025-Q3,9,September,Sep,12,5,Friday,No,Autumn,No,No,No,Yes
20250913,2025-09-13,2025,3,2025-Q3,9,September,Sep,13,6,Saturday,Yes,Autumn,No,No,No,Yes
20250914,2025-09-14,2025,3,2025-Q3,9,September,Sep,14,7,Sunday,Yes,Autumn,No,No,No,Yes
20250915,2025-09-15,2025,3,2025-Q3,9,September,Sep,15,1,Monday,No,Autumn,No,No,No,No
20250916,2025-09-16,2025,3,2025-Q3,9,September,Sep,16,2,Tuesday,No,Autumn,No,No,No,No
20250917,2025-09-17,2025,3,2025-Q3,9,September,Sep,17,3,Wednesday,No,Autumn,No,No,No,Yes
20250918,2025-09-18,2025,3,2025-Q3,9,September,Sep,18,4,Thursday,No,Autumn,No,No,No,Yes
20250919,2025-09-19,2025,3,2025-Q3,9,September,Sep,19,5,Friday,No,Autumn,No,No,No,Yes
20250920,2025-09-20,2025,3,2025-Q3,9,September,Sep,20,6,Saturday,Yes,Autumn,No,No,No,Yes
20250921,2025-09-21,2025,3,2025-Q3,9,September,Sep,21,7,Sunday,Yes,Autumn,No,No,No,Yes
20250922,2025-09-22,2025,3,2025-Q3,9,September,Sep,22,1,Monday,No,Autumn,No,No,No,No
20250923,2025-09-23,2025,3,2025-Q3,9,September,Sep,23,2,Tuesday,No,Autumn,No,No,No,No
20250924,2025-09-24,2025,3,2025-Q3,9,September,Sep,24,3,Wednesday,No,Autumn,No,No,No,Yes
20250925,2025-09-25,2025,3,2025-Q3,9,September,Sep,25,4,Thursday,No,Autumn,No,No,No,Yes
20250926,2025-09-26,2025,3,2025-Q3,9,September,Sep,26,5,Friday,No,Autumn,No,No,No,Yes
20250927,2025-09-27,2025,3,2025-Q3,9,September,Sep,27,6,Saturday,Yes,Autumn,No,No,No,Yes
20250928,2025-09-28,2025,3,2025-Q3,9,September,Sep,28,7,Sunday,Yes,Autumn,No,No,No,Yes
20250929,2025-09-29,2025,3,2025-Q3,9,September,Sep,29,1,Monday,No,Autumn,No,No,No,No
20250930,2025-09-30,2025,3,2025-Q3,9,September,Sep,30,2,Tuesday,No,Autumn,No,No,No,No
20251001,2025-10-01,2025,4,2025-Q4,10,October,Oct,1,3,Wednesday,No,Autumn,No,No,No,Yes
20251002,2025-10-02,2025,4,2025-Q4,10,October,Oct,2,4,Thursday,No,Autumn,No,No,No,Yes
20251003,2025-10-03,2025,4,2025-Q4,10,October,Oct,3,5,Friday,No,Autumn,No,No,No,Yes
20251004,2025-10-04,2025,4,2025-Q4,10,October,Oct,4,6,Saturday,Yes,Autumn,No,No,No,Yes
20251005,2025-10-05,2025,4,2025-Q4,10,October,Oct,5,7,Sunday,Yes,Autumn,No,No,No,Yes
20251006,2025-10-06,2025,4,2025-Q4,10,October,Oct,6,1,Monday,No,Autumn,No,No,No,No
20251007,2025-10-07,2025,4,2025-Q4,10,October,Oct,7,2,Tuesday,No,Autumn,No,No,No,No
20251008,2025-10-08,2025,4,2025-Q4,10,October,Oct,8,3,Wednesday,No,Autumn,No,No,No,Yes
20251009,2025-10-09,2025,4,2025-Q4,10,October,Oct,9,4,Thursday,No,Autumn,No,No,No,Yes
20251010,2025-10-10,2025,4,2025-Q4,10,October,Oct,10,5,Friday,No,Autumn,No,No,No,Yes
20251011,2025-10-11,2025,4,2025-Q4,10,October,Oct,11,6,Saturday,Yes,Autumn,No,No,No,Yes
20251012,2025-10-12,2025,4,2025-Q4,10,October,Oct,12,7,Sunday,Yes,Autumn,No,No,No,Yes
20251013,2025-10-13,2025,4,2025-Q4,10,October,Oct,13,1,Monday,No,Autumn,No,No,No,No
20251014,2025-10-14,2025,4,2025-Q4,10,October,Oct,14,2,Tuesday,No,Autumn,No,No,No,No
20251015,2025-10-15,2025,4,2025-Q4,10,October,Oct,15,3,Wednesday,No,Autumn,No,No,No,Yes
20251016,2025-10-16,2025,4,2025-Q4,10,October,Oct,16,4,Thursday,No,Autumn,No,No,No,Yes
20251017,2025-10-17,2025,4,2025-Q4,10,October,Oct,17,5,Friday,No,Autumn,No,No,No,Yes
20251018,2025-10-18,2025,4,2025-Q4,10,October,Oct,18,6,Saturday,Yes,Autumn,No,No,No,Yes
20251019,2025-10-19,2025,4,2025-Q4,10,October,Oct,19,7,Sunday,Yes,Autumn,No,No,No,Yes
20251020,2025-10-20,2025,4,2025-Q4,10,October,Oct,20,1,Monday,No,Autumn,No,No,No,No
20251021,2025-10-21,2025,4,2025-Q4,10,October,Oct,21,2,Tuesday,No,Autumn,No,No,No,No
20251022,2025-10-22,2025,4,2025-Q4,10,October,Oct,22,3,Wednesday,No,Autumn,No,No,No,Yes
20251023,2025-10-23,2025,4,2025-Q4,10,October,Oct,23,4,Thursday,No,Autumn,No,No,No,Yes
20251024,2025-10-24,2025,4,2025-Q4,10,October,Oct,24,5,Friday,No,Autumn,No,No,No,Yes
20251025,2025-10-25,2025,4,2025-Q4,10,October,Oct,25,6,Saturday,Yes,Autumn,No,No,Yes,Yes
20251026,2025-10-26,2025,4,2025-Q4,10,October,Oct,26,7,Sunday,Yes,Autumn,No,No,Yes,Yes
20251027,2025-10-27,2025,4,2025-Q4,10,October,Oct,27,1,Monday,No,Autumn,No,No,Yes,No
20251028,2025-10-28,2025,4,2025-Q4,10,October,Oct,28,2,Tuesday,No,Autumn,No,No,Yes,No
20251029,2025-10-29,2025,4,2025-Q4,10,October,Oct,29,3,Wednesday,No,Autumn,No,No,Yes,Yes
20251030,2025-10-30,2025,4,2025-Q4,10,October,Oct,30,4,Thursday,No,Autumn,No,No,Yes,Yes
20251031,2025-10-31,2025,4,2025-Q4,10,October,Oct,31,5,Friday,No,Autumn,No,No,Yes,Yes
20251101,2025-11-01,2025,4,2025-Q4,11,November,Nov,1,6,Saturday,Yes,Autumn,No,No,Yes,No
20251102,2025-11-02,2025,4,2025-Q4,11,November,Nov,2,7,Sunday,Yes,Autumn,No,No,Yes,No
20251103,2025-11-03,2025,4,2025-Q4,11,November,Nov,3,1,Monday,No,Autumn,No,No,No,No
20251104,2025-11-04,2025,4,2025-Q4,11,November,Nov,4,2,Tuesday,No,Autumn,No,No,No,No
20251105,2025-11-05,2025,4,2025-Q4,11,November,Nov,5,3,Wednesday,No,Autumn,No,No,No,No
20251106,2025-11-06,2025,4,2025-Q4,11,November,Nov,6,4,Thursday,No,Autumn,No,No,No,No
20251107,2025-11-07,2025,4,2025-Q4,11,November,Nov,7,5,Friday,No,Autumn,No,No,No,No
20251108,2025-11-08,2025,4,2025-Q4,11,November,Nov,8,6,Saturday,Yes,Autumn,No,No,No,No
20251109,2025-11-09,2025,4,2025-Q4,11,November,Nov,9,7,Sunday,Yes,Autumn,No,No,No,No
20251110,2025-11-10,2025,4,2025-Q4,11,November,Nov,10,1,Monday,No,Autumn,No,No,No,No
20251111,2025-11-11,2025,4,2025-Q4,11,November,Nov,11,2,Tuesday,No,Autumn,No,No,No,No
20251112,2025-11-12,2025,4,2025-Q4,11,November,Nov,12,3,Wednesday,No,Autumn,No,No,No,No
20251113,2025-11-13,2025,4,2025-Q4,11,November,Nov,13,4,Thursday,No,Autumn,No,No,No,No
20251114,2025-11-14,2025,4,2025-Q4,11,November,Nov,14,5,Friday,No,Autumn,No,No,No,No
20251115,2025-11-15,2025,4,2025-Q4,11,November,Nov,15,6,Saturday,Yes,Autumn,No,No,No,No
20251116,2025-11-16,2025,4,2025-Q4,11,November,Nov,16,7,Sunday,Yes,Autumn,No,No,No,No
20251117,2025-11-17,2025,4,2025-Q4,11,November,Nov,17,1,Monday,No,Autumn,No,No,No,No
20251118,2025-11-18,2025,4,2025-Q4,11,November,Nov,18,2,Tuesday,No,Autumn,No,No,No,No
20251119,2025-11-19,2025,4,2025-Q4,11,November,Nov,19,3,Wednesday,No,Autumn,No,No,No,No
20251120,2025-11-20,2025,4,2025-Q4,11,November,Nov,20,4,Thursday,No,Autumn,No,No,No,No
20251121,2025-11-21,2025,4,2025-Q4,11,November,Nov,21,5,Friday,No,Autumn,No,No,No,No
20251122,2025-11-22,2025,4,2025-Q4,11,November,Nov,22,6,Saturday,Yes,Autumn,No,No,No,No
20251123,2025-11-23,2025,4,2025-Q4,11,November,Nov,23,7,Sunday,Yes,Autumn,No,No,No,No
20251124,2025-11-24,2025,4,2025-Q4,11,November,Nov,24,1,Monday,No,Autumn,No,No,No,No
20251125,2025-11-25,2025,4,2025-Q4,11,November,Nov,25,2,Tuesday,No,Autumn,No,No,No,No
20251126,2025-11-26,2025,4,2025-Q4,11,November,Nov,26,3,Wednesday,No,Autumn,No,No,No,No
20251127,2025-11-27,2025,4,2025-Q4,11,November,Nov,27,4,Thursday,No,Autumn,No,No,No,No
20251128,2025-11-28,2025,4,2025-Q4,11,November,Nov,28,5,Friday,No,Autumn,No,No,No,No
20251129,2025-11-29,2025,4,2025-Q4,11,November,Nov,29,6,Saturday,Yes,Autumn,No,No,No,No
20251130,2025-11-30,2025,4,2025-Q4,11,November,Nov,30,7,Sunday,Yes,Autumn,No,No,No,No
20251201,2025-12-01,2025,4,2025-Q4,12,December,Dec,1,1,Monday,No,Winter,No,No,No,No
20251202,2025-12-02,2025,4,2025-Q4,12,December,Dec,2,2,Tuesday,No,Winter,No,No,No,No
20251203,2025-12-03,2025,4,2025-Q4,12,December,Dec,3,3,Wednesday,No,Winter,No,No,No,No
20251204,2025-12-04,2025,4,2025-Q4,12,December,Dec,4,4,Thursday,No,Winter,No,No,No,No
20251205,2025-12-05,2025,4,2025-Q4,12,December,Dec,5,5,Friday,No,Winter,No,No,No,No
20251206,2025-12-06,2025,4,2025-Q4,12,December,Dec,6,6,Saturday,Yes,Winter,No,No,No,No
20251207,2025-12-07,2025,4,2025-Q4,12,December,Dec,7,7,Sunday,Yes,Winter,No,No,No,No
20251208,2025-12-08,2025,4,2025-Q4,12,December,Dec,8,1,Monday,No,Winter,No,No,No,No
20251209,2025-12-09,2025,4,2025-Q4,12,December,Dec,9,2,Tuesday,No,Winter,No,No,No,No
20251210,2025-12-10,2025,4,2025-Q4,12,December,Dec,10,3,Wednesday,No,Winter,No,No,No,No
20251211,2025-12-11,2025,4,2025-Q4,12,December,Dec,11,4,Thursday,No,Winter,No,No,No,No
20251212,2025-12-12,2025,4,2025-Q4,12,December,Dec,12,5,Friday,No,Winter,No,No,No,No
20251213,2025-12-13,2025,4,2025-Q4,12,December,Dec,13,6,Saturday,Yes,Winter,No,No,No,No
20251214,2025-12-14,2025,4,2025-Q4,12,December,Dec,14,7,Sunday,Yes,Winter,No,No,No,No
20251215,2025-12-15,2025,4,2025-Q4,12,December,Dec,15,1,Monday,No,Winter,No,No,No,No
20251216,2025-12-16,2025,4,2025-Q4,12,December,Dec,16,2,Tuesday,No,Winter,No,No,No,No
20251217,2025-12-17,2025,4,2025-Q4,12,December,Dec,17,3,Wednesday,No,Winter,No,No,No,No
20251218,2025-12-18,2025,4,2025-Q4,12,December,Dec,18,4,Thursday,No,Winter,No,No,No,No
20251219,2025-12-19,2025,4,2025-Q4,12,December,Dec,19,5,Friday,No,Winter,No,No,No,No
20251220,2025-12-20,2025,4,2025-Q4,12,December,Dec,20,6,Saturday,Yes,Winter,No,No,Yes,No
20251221,2025-12-21,2025,4,2025-Q4,12,December,Dec,21,7,Sunday,Yes,Winter,No,No,Yes,No
20251222,2025-12-22,2025,4,2025-Q4,12,December,Dec,22,1,Monday,No,Winter,No,No,Yes,No
20251223,2025-12-23,2025,4,2025-Q4,12,December,Dec,23,2,Tuesday,No,Winter,No,No,Yes,No
20251224,2025-12-24,2025,4,2025-Q4,12,December,Dec,24,3,Wednesday,No,Winter,No,No,Yes,No
20251225,2025-12-25,2025,4,2025-Q4,12,December,Dec,25,4,Thursday,No,Winter,Yes,No,Yes,No
20251226,2025-12-26,2025,4,2025-Q4,12,December,Dec,26,5,Friday,No,Winter,Yes,No,Yes,No
20251227,2025-12-27,2025,4,2025-Q4,12,December,Dec,27,6,Saturday,Yes,Winter,No,No,Yes,No
20251228,2025-12-28,2025,4,2025-Q4,12,December,Dec,28,7,Sunday,Yes,Winter,No,No,Yes,No
20251229,2025-12-29,2025,4,2025-Q4,12,December,Dec,29,1,Monday,No,Winter,No,No,Yes,No
20251230,2025-12-30,2025,4,2025-Q4,12,December,Dec,30,2,Tuesday,No,Winter,No,No,Yes,No
20251231,2025-12-31,2025,4,2025-Q4,12,December,Dec,31,3,Wednesday,No,Winter,No,No,Yes,No
20260101,2026-01-01,2026,1,2026-Q1,1,January,Jan,1,4,Thursday,No,Winter,Yes,No,No,No
20260102,2026-01-02,2026,1,2026-Q1,1,January,Jan,2,5,Friday,No,Winter,No,No,No,No
20260103,2026-01-03,2026,1,2026-Q1,1,January,Jan,3,6,Saturday,Yes,Winter,No,No,No,No
20260104,2026-01-04,2026,1,2026-Q1,1,January,Jan,4,7,Sunday,Yes,Winter,No,No,No,No
20260105,2026-01-05,2026,1,2026-Q1,1,January,Jan,5,1,Monday,No,Winter,No,No,No,No
20260106,2026-01-06,2026,1,2026-Q1,1,January,Jan,6,2,Tuesday,No,Winter,No,No,No,No
20260107,2026-01-07,2026,1,2026-Q1,1,January,Jan,7,3,Wednesday,No,Winter,No,No,No,No
20260108,2026-01-08,2026,1,2026-Q1,1,January,Jan,8,4,Thursday,No,Winter,No,No,No,No
20260109,2026-01-09,2026,1,2026-Q1,1,January,Jan,9,5,Friday,No,Winter,No,No,No,No
20260110,2026-01-10,2026,1,2026-Q1,1,January,Jan,10,6,Saturday,Yes,Winter,No,No,No,No
20260111,2026-01-11,2026,1,2026-Q1,1,January,Jan,11,7,Sunday,Yes,Winter,No,No,No,No
20260112,2026-01-12,2026,1,2026-Q1,1,January,Jan,12,1,Monday,No,Winter,No,No,No,No
20260113,2026-01-13,2026,1,2026-Q1,1,January,Jan,13,2,Tuesday,No,Winter,No,No,No,No
20260114,2026-01-14,2026,1,2026-Q1,1,January,Jan,14,3,Wednesday,No,Winter,No,No,No,No
20260115,2026-01-15,2026,1,2026-Q1,1,January,Jan,15,4,Thursday,No,Winter,No,No,No,No
20260116,2026-01-16,2026,1,2026-Q1,1,January,Jan,16,5,Friday,No,Winter,No,No,No,No
20260117,2026-01-17,2026,1,2026-Q1,1,January,Jan,17,6,Saturday,Yes,Winter,No,No,No,No
20260118,2026-01-18,2026,1,2026-Q1,1,January,Jan,18,7,Sunday,Yes,Winter,No,No,No,No
20260119,2026-01-19,2026,1,2026-Q1,1,January,Jan,19,1,Monday,No,Winter,No,No,No,No
20260120,2026-01-20,2026,1,2026-Q1,1,January,Jan,20,2,Tuesday,No,Winter,No,No,No,No
20260121,2026-01-21,2026,1,2026-Q1,1,January,Jan,21,3,Wednesday,No,Winter,No,No,No,No
20260122,2026-01-22,2026,1,2026-Q1,1,January,Jan,22,4,Thursday,No,Winter,No,No,No,No
20260123,2026-01-23,2026,1,2026-Q1,1,January,Jan,23,5,Friday,No,Winter,No,No,No,No
20260124,2026-01-24,2026,1,2026-Q1,1,January,Jan,24,6,Saturday,Yes,Winter,No,No,No,No
20260125,2026-01-25,2026,1,2026-Q1,1,January,Jan,25,7,Sunday,Yes,Winter,No,No,No,No
20260126,2026-01-26,2026,1,2026-Q1,1,January,Jan,26,1,Monday,No,Winter,No,No,No,No
20260127,2026-01-27,2026,1,2026-Q1,1,January,Jan,27,2,Tuesday,No,Winter,No,No,No,No
20260128,2026-01-28,2026,1,2026-Q1,1,January,Jan,28,3,Wednesday,No,Winter,No,No,No,No
20260129,2026-01-29,2026,1,2026-Q1,1,January,Jan,29,4,Thursday,No,Winter,No,No,No,No
20260130,2026-01-30,2026,1,2026-Q1,1,January,Jan,30,5,Friday,No,Winter,No,No,No,No
20260131,2026-01-31,2026,1,2026-Q1,1,January,Jan,31,6,Saturday,Yes,Winter,No,No,No,No
20260201,2026-02-01,2026,1,2026-Q1,2,February,Feb,1,7,Sunday,Yes,Winter,No,No,No,No
20260202,2026-02-02,2026,1,2026-Q1,2,February,Feb,2,1,Monday,No,Winter,No,No,No,No
20260203,2026-02-03,2026,1,2026-Q1,2,February,Feb,3,2,Tuesday,No,Winter,No,No,No,No
20260204,2026-02-04,2026,1,2026-Q1,2,February,Feb,4,3,Wednesday,No,Winter,No,No,No,No
20260205,2026-02-05,2026,1,2026-Q1,2,February,Feb,5,4,Thursday,No,Winter,No,No,No,No
20260206,2026-02-06,2026,1,2026-Q1,2,February,Feb,6,5,Friday,No,Winter,No,No,No,No
20260207,2026-02-07,2026,1,2026-Q1,2,February,Feb,7,6,Saturday,Yes,Winter,No,No,No,No
20260208,2026-02-08,2026,1,2026-Q1,2,February,Feb,8,7,Sunday,Yes,Winter,No,No,No,No
20260209,2026-02-09,2026,1,2026-Q1,2,February,Feb,9,1,Monday,No,Winter,No,No,No,No
20260210,2026-02-10,2026,1,2026-Q1,2,February,Feb,10,2,Tuesday,No,Winter,No,No,No,No
20260211,2026-02-11,2026,1,2026-Q1,2,February,Feb,11,3,Wednesday,No,Winter,No,No,No,No
20260212,2026-02-12,2026,1,2026-Q1,2,February,Feb,12,4,Thursday,No,Winter,No,No,Yes,No
20260213,2026-02-13,2026,1,2026-Q1,2,February,Feb,13,5,Friday,No,Winter,No,No,Yes,No
20260214,2026-02-14,2026,1,2026-Q1,2,February,Feb,14,6,Saturday,Yes,Winter,No,No,Yes,No
20260215,2026-02-15,2026,1,2026-Q1,2,February,Feb,15,7,Sunday,Yes,Winter,No,No,Yes,No
20260216,2026-02-16,2026,1,2026-Q1,2,February,Feb,16,1,Monday,No,Winter,No,No,Yes,No
20260217,2026-02-17,2026,1,2026-Q1,2,February,Feb,17,2,Tuesday,No,Winter,No,No,Yes,No
20260218,2026-02-18,2026,1,2026-Q1,2,February,Feb,18,3,Wednesday,No,Winter,No,No,Yes,No
20260219,2026-02-19,2026,1,2026-Q1,2,February,Feb,19,4,Thursday,No,Winter,No,No,Yes,No
20260220,2026-02-20,2026,1,2026-Q1,2,February,Feb,20,5,Friday,No,Winter,No,No,Yes,No
20260221,2026-02-21,2026,1,2026-Q1,2,February,Feb,21,6,Saturday,Yes,Winter,No,No,Yes,No
20260222,2026-02-22,2026,1,2026-Q1,2,February,Feb,22,7,Sunday,Yes,Winter,No,No,Yes,No
20260223,2026-02-23,2026,1,2026-Q1,2,February,Feb,23,1,Monday,No,Winter,No,No,Yes,No
20260224,2026-02-24,2026,1,2026-Q1,2,February,Feb,24,2,Tuesday,No,Winter,No,No,No,No
20260225,2026-02-25,2026,1,2026-Q1,2,February,Feb,25,3,Wednesday,No,Winter,No,No,No,No
20260226,2026-02-26,2026,1,2026-Q1,2,February,Feb,26,4,Thursday,No,Winter,No,No,No,No
20260227,2026-02-27,2026,1,2026-Q1,2,February,Feb,27,5,Friday,No,Winter,No,No,No,No
20260228,2026-02-28,2026,1,2026-Q1,2,February,Feb,28,6,Saturday,Yes,Winter,No,No,No,No
20260301,2026-03-01,2026,1,2026-Q1,3,March,Mar,1,7,Sunday,Yes,Spring,No,No,No,No
20260302,2026-03-02,2026,1,2026-Q1,3,March,Mar,2,1,Monday,No,Spring,No,No,No,No
20260303,2026-03-03,2026,1,2026-Q1,3,March,Mar,3,2,Tuesday,No,Spring,No,No,No,No
20260304,2026-03-04,2026,1,2026-Q1,3,March,Mar,4,3,Wednesday,No,Spring,No,No,No,No
20260305,2026-03-05,2026,1,2026-Q1,3,March,Mar,5,4,Thursday,No,Spring,No,No,No,No
20260306,2026-03-06,2026,1,2026-Q1,3,March,Mar,6,5,Friday,No,Spring,No,No,No,No
20260307,2026-03-07,2026,1,2026-Q1,3,March,Mar,7,6,Saturday,Yes,Spring,No,No,No,No
20260308,2026-03-08,2026,1,2026-Q1,3,March,Mar,8,7,Sunday,Yes,Spring,No,No,No,No
20260309,2026-03-09,2026,1,2026-Q1,3,March,Mar,9,1,Monday,No,Spring,No,No,No,No
20260310,2026-03-10,2026,1,2026-Q1,3,March,Mar,10,2,Tuesday,No,Spring,No,No,No,No
20260311,2026-03-11,2026,1,2026-Q1,3,March,Mar,11,3,Wednesday,No,Spring,No,No,No,No
20260312,2026-03-12,2026,1,2026-Q1,3,March,Mar,12,4,Thursday,No,Spring,No,No,No,No
20260313,2026-03-13,2026,1,2026-Q1,3,March,Mar,13,5,Friday,No,Spring,No,No,No,No
20260314,2026-03-14,2026,1,2026-Q1,3,March,Mar,14,6,Saturday,Yes,Spring,No,No,No,No
20260315,2026-03-15,2026,1,2026-Q1,3,March,Mar,15,7,Sunday,Yes,Spring,No,No,No,No
20260316,2026-03-16,2026,1,2026-Q1,3,March,Mar,16,1,Monday,No,Spring,No,No,No,No
20260317,2026-03-17,2026,1,2026-Q1,3,March,Mar,17,2,Tuesday,No,Spring,No,No,No,No
20260318,2026-03-18,2026,1,2026-Q1,3,March,Mar,18,3,Wednesday,No,Spring,No,No,No,No
20260319,2026-03-19,2026,1,2026-Q1,3,March,Mar,19,4,Thursday,No,Spring,No,No,No,No
20260320,2026-03-20,2026,1,2026-Q1,3,March,Mar,20,5,Friday,No,Spring,No,No,No,No
20260321,2026-03-21,2026,1,2026-Q1,3,March,Mar,21,6,Saturday,Yes,Spring,No,No,No,No
20260322,2026-03-22,2026,1,2026-Q1,3,March,Mar,22,7,Sunday,Yes,Spring,No,No,No,No
20260323,2026-03-23,2026,1,2026-Q1,3,March,Mar,23,1,Monday,No,Spring,No,No,No,No
20260324,2026-03-24,2026,1,2026-Q1,3,March,Mar,24,2,Tuesday,No,Spring,No,No,No,No
20260325,2026-03-25,2026,1,2026-Q1,3,March,Mar,25,3,Wednesday,No,Spring,No,No,No,No
20260326,2026-03-26,2026,1,2026-Q1,3,March,Mar,26,4,Thursday,No,Spring,No,No,No,No
20260327,2026-03-27,2026,1,2026-Q1,3,March,Mar,27,5,Friday,No,Spring,No,No,No,No
20260328,2026-03-28,2026,1,2026-Q1,3,March,Mar,28,6,Saturday,Yes,Spring,No,No,Yes,No
20260329,2026-03-29,2026,1,2026-Q1,3,March,Mar,29,7,Sunday,Yes,Spring,No,No,Yes,No
20260330,2026-03-30,2026,1,2026-Q1,3,March,Mar,30,1,Monday,No,Spring,No,No,Yes,No
20260331,2026-03-31,2026,1,2026-Q1,3,March,Mar,31,2,Tuesday,No,Spring,No,No,Yes,No
20260401,2026-04-01,2026,2,2026-Q2,4,April,Apr,1,3,Wednesday,No,Spring,No,No,Yes,Yes
20260402,2026-04-02,2026,2,2026-Q2,4,April,Apr,2,4,Thursday,No,Spring,No,No,Yes,Yes
20260403,2026-04-03,2026,2,2026-Q2,4,April,Apr,3,5,Friday,No,Spring,Yes,No,Yes,Yes
20260404,2026-04-04,2026,2,2026-Q2,4,April,Apr,4,6,Saturday,Yes,Spring,No,No,Yes,Yes
20260405,2026-04-05,2026,2,2026-Q2,4,April,Apr,5,7,Sunday,Yes,Spring,No,No,Yes,Yes
20260406,2026-04-06,2026,2,2026-Q2,4,April,Apr,6,1,Monday,No,Spring,Yes,Yes,Yes,Yes
20260407,2026-04-07,2026,2,2026-Q2,4,April,Apr,7,2,Tuesday,No,Spring,No,No,Yes,No
20260408,2026-04-08,2026,2,2026-Q2,4,April,Apr,8,3,Wednesday,No,Spring,No,No,Yes,Yes
20260409,2026-04-09,2026,2,2026-Q2,4,April,Apr,9,4,Thursday,No,Spring,No,No,Yes,Yes
20260410,2026-04-10,2026,2,2026-Q2,4,April,Apr,10,5,Friday,No,Spring,No,No,Yes,Yes
20260411,2026-04-11,2026,2,2026-Q2,4,April,Apr,11,6,Saturday,Yes,Spring,No,No,Yes,Yes
20260412,2026-04-12,2026,2,2026-Q2,4,April,Apr,12,7,Sunday,Yes,Spring,No,No,Yes,Yes
20260413,2026-04-13,2026,2,2026-Q2,4,April,Apr,13,1,Monday,No,Spring,No,No,Yes,No
20260414,2026-04-14,2026,2,2026-Q2,4,April,Apr,14,2,Tuesday,No,Spring,No,No,Yes,No
20260415,2026-04-15,2026,2,2026-Q2,4,April,Apr,15,3,Wednesday,No,Spring,No,No,No,Yes
20260416,2026-04-16,2026,2,2026-Q2,4,April,Apr,16,4,Thursday,No,Spring,No,No,No,Yes
20260417,2026-04-17,2026,2,2026-Q2,4,April,Apr,17,5,Friday,No,Spring,No,No,No,Yes
20260418,2026-04-18,2026,2,2026-Q2,4,April,Apr,18,6,Saturday,Yes,Spring,No,No,No,Yes
20260419,2026-04-19,2026,2,2026-Q2,4,April,Apr,19,7,Sunday,Yes,Spring,No,No,No,Yes
20260420,2026-04-20,2026,2,2026-Q2,4,April,Apr,20,1,Monday,No,Spring,No,No,No,No
20260421,2026-04-21,2026,2,2026-Q2,4,April,Apr,21,2,Tuesday,No,Spring,No,No,No,No
20260422,2026-04-22,2026,2,2026-Q2,4,April,Apr,22,3,Wednesday,No,Spring,No,No,No,Yes
20260423,2026-04-23,2026,2,2026-Q2,4,April,Apr,23,4,Thursday,No,Spring,No,No,No,Yes
20260424,2026-04-24,2026,2,2026-Q2,4,April,Apr,24,5,Friday,No,Spring,No,No,No,Yes
20260425,2026-04-25,2026,2,2026-Q2,4,April,Apr,25,6,Saturday,Yes,Spring,No,No,No,Yes
20260426,2026-04-26,2026,2,2026-Q2,4,April,Apr,26,7,Sunday,Yes,Spring,No,No,No,Yes
20260427,2026-04-27,2026,2,2026-Q2,4,April,Apr,27,1,Monday,No,Spring,No,No,No,No
20260428,2026-04-28,2026,2,2026-Q2,4,April,Apr,28,2,Tuesday,No,Spring,No,No,No,No
20260429,2026-04-29,2026,2,2026-Q2,4,April,Apr,29,3,Wednesday,No,Spring,No,No,No,Yes
20260430,2026-04-30,2026,2,2026-Q2,4,April,Apr,30,4,Thursday,No,Spring,No,No,No,Yes
20260501,2026-05-01,2026,2,2026-Q2,5,May,May,1,5,Friday,No,Spring,No,No,No,Yes
20260502,2026-05-02,2026,2,2026-Q2,5,May,May,2,6,Saturday,Yes,Spring,No,No,No,Yes
20260503,2026-05-03,2026,2,2026-Q2,5,May,May,3,7,Sunday,Yes,Spring,No,No,No,Yes
20260504,2026-05-04,2026,2,2026-Q2,5,May,May,4,1,Monday,No,Spring,Yes,Yes,No,Yes
20260505,2026-05-05,2026,2,2026-Q2,5,May,May,5,2,Tuesday,No,Spring,No,No,No,No
20260506,2026-05-06,2026,2,2026-Q2,5,May,May,6,3,Wednesday,No,Spring,No,No,No,Yes
20260507,2026-05-07,2026,2,2026-Q2,5,May,May,7,4,Thursday,No,Spring,No,No,No,Yes
20260508,2026-05-08,2026,2,2026-Q2,5,May,May,8,5,Friday,No,Spring,No,No,No,Yes
20260509,2026-05-09,2026,2,2026-Q2,5,May,May,9,6,Saturday,Yes,Spring,No,No,No,Yes
20260510,2026-05-10,2026,2,2026-Q2,5,May,May,10,7,Sunday,Yes,Spring,No,No,No,Yes
20260511,2026-05-11,2026,2,2026-Q2,5,May,May,11,1,Monday,No,Spring,No,No,No,No
20260512,2026-05-12,2026,2,2026-Q2,5,May,May,12,2,Tuesday,No,Spring,No,No,No,No
20260513,2026-05-13,2026,2,2026-Q2,5,May,May,13,3,Wednesday,No,Spring,No,No,No,Yes
20260514,2026-05-14,2026,2,2026-Q2,5,May,May,14,4,Thursday,No,Spring,No,No,No,Yes
20260515,2026-05-15,2026,2,2026-Q2,5,May,May,15,5,Friday,No,Spring,No,No,No,Yes
20260516,2026-05-16,2026,2,2026-Q2,5,May,May,16,6,Saturday,Yes,Spring,No,No,No,Yes
20260517,2026-05-17,2026,2,2026-Q2,5,May,May,17,7,Sunday,Yes,Spring,No,No,No,Yes
20260518,2026-05-18,2026,2,2026-Q2,5,May,May,18,1,Monday,No,Spring,No,No,No,No
20260519,2026-05-19,2026,2,2026-Q2,5,May,May,19,2,Tuesday,No,Spring,No,No,No,No
20260520,2026-05-20,2026,2,2026-Q2,5,May,May,20,3,Wednesday,No,Spring,No,No,No,Yes
20260521,2026-05-21,2026,2,2026-Q2,5,May,May,21,4,Thursday,No,Spring,No,No,No,Yes
20260522,2026-05-22,2026,2,2026-Q2,5,May,May,22,5,Friday,No,Spring,No,No,No,Yes
20260523,2026-05-23,2026,2,2026-Q2,5,May,May,23,6,Saturday,Yes,Spring,No,No,No,Yes
20260524,2026-05-24,2026,2,2026-Q2,5,May,May,24,7,Sunday,Yes,Spring,No,No,Yes,Yes
20260525,2026-05-25,2026,2,2026-Q2,5,May,May,25,1,Monday,No,Spring,Yes,Yes,Yes,Yes
20260526,2026-05-26,2026,2,2026-Q2,5,May,May,26,2,Tuesday,No,Spring,No,No,Yes,No
20260527,2026-05-27,2026,2,2026-Q2,5,May,May,27,3,Wednesday,No,Spring,No,No,Yes,Yes
20260528,2026-05-28,2026,2,2026-Q2,5,May,May,28,4,Thursday,No,Spring,No,No,Yes,Yes
20260529,2026-05-29,2026,2,2026-Q2,5,May,May,29,5,Friday,No,Spring,No,No,Yes,Yes
20260530,2026-05-30,2026,2,2026-Q2,5,May,May,30,6,Saturday,Yes,Spring,No,No,Yes,Yes
20260531,2026-05-31,2026,2,2026-Q2,5,May,May,31,7,Sunday,Yes,Spring,No,No,Yes,Yes
20260601,2026-06-01,2026,2,2026-Q2,6,June,Jun,1,1,Monday,No,Summer,No,No,Yes,No
20260602,2026-06-02,2026,2,2026-Q2,6,June,Jun,2,2,Tuesday,No,Summer,No,No,Yes,No
20260603,2026-06-03,2026,2,2026-Q2,6,June,Jun,3,3,Wednesday,No,Summer,No,No,No,Yes
20260604,2026-06-04,2026,2,2026-Q2,6,June,Jun,4,4,Thursday,No,Summer,No,No,No,Yes
20260605,2026-06-05,2026,2,2026-Q2,6,June,Jun,5,5,Friday,No,Summer,No,No,No,Yes
20260606,2026-06-06,2026,2,2026-Q2,6,June,Jun,6,6,Saturday,Yes,Summer,No,No,No,Yes
20260607,2026-06-07,2026,2,2026-Q2,6,June,Jun,7,7,Sunday,Yes,Summer,No,No,No,Yes
20260608,2026-06-08,2026,2,2026-Q2,6,June,Jun,8,1,Monday,No,Summer,No,No,No,No
20260609,2026-06-09,2026,2,2026-Q2,6,June,Jun,9,2,Tuesday,No,Summer,No,No,No,No
20260610,2026-06-10,2026,2,2026-Q2,6,June,Jun,10,3,Wednesday,No,Summer,No,No,No,Yes
20260611,2026-06-11,2026,2,2026-Q2,6,June,Jun,11,4,Thursday,No,Summer,No,No,No,Yes
20260612,2026-06-12,2026,2,2026-Q2,6,June,Jun,12,5,Friday,No,Summer,No,No,No,Yes
20260613,2026-06-13,2026,2,2026-Q2,6,June,Jun,13,6,Saturday,Yes,Summer,No,No,No,Yes
20260614,2026-06-14,2026,2,2026-Q2,6,June,Jun,14,7,Sunday,Yes,Summer,No,No,No,Yes
20260615,2026-06-15,2026,2,2026-Q2,6,June,Jun,15,1,Monday,No,Summer,No,No,No,No
20260616,2026-06-16,2026,2,2026-Q2,6,June,Jun,16,2,Tuesday,No,Summer,No,No,No,No
20260617,2026-06-17,2026,2,2026-Q2,6,June,Jun,17,3,Wednesday,No,Summer,No,No,No,Yes
20260618,2026-06-18,2026,2,2026-Q2,6,June,Jun,18,4,Thursday,No,Summer,No,No,No,Yes
20260619,2026-06-19,2026,2,2026-Q2,6,June,Jun,19,5,Friday,No,Summer,No,No,No,Yes
20260620,2026-06-20,2026,2,2026-Q2,6,June,Jun,20,6,Saturday,Yes,Summer,No,No,No,Yes
20260621,2026-06-21,2026,2,2026-Q2,6,June,Jun,21,7,Sunday,Yes,Summer,No,No,No,Yes
20260622,2026-06-22,2026,2,2026-Q2,6,June,Jun,22,1,Monday,No,Summer,No,No,No,No
20260623,2026-06-23,2026,2,2026-Q2,6,June,Jun,23,2,Tuesday,No,Summer,No,No,No,No
20260624,2026-06-24,2026,2,2026-Q2,6,June,Jun,24,3,Wednesday,No,Summer,No,No,No,Yes
20260625,2026-06-25,2026,2,2026-Q2,6,June,Jun,25,4,Thursday,No,Summer,No,No,No,Yes
20260626,2026-06-26,2026,2,2026-Q2,6,June,Jun,26,5,Friday,No,Summer,No,No,No,Yes
20260627,2026-06-27,2026,2,2026-Q2,6,June,Jun,27,6,Saturday,Yes,Summer,No,No,No,Yes
20260628,2026-06-28,2026,2,2026-Q2,6,June,Jun,28,7,Sunday,Yes,Summer,No,No,No,Yes
20260629,2026-06-29,2026,2,2026-Q2,6,June,Jun,29,1,Monday,No,Summer,No,No,No,No
20260630,2026-06-30,2026,2,2026-Q2,6,June,Jun,30,2,Tuesday,No,Summer,No,No,No,No
